<?xml version="1.0" encoding="UTF-8"?>
<ivy-module version="2.0" xmlns:m="http://ant.apache.org/ivy/maven">
	<info organisation="org.apache.maven"
		module="maven-profile"
		revision="2.2.1"
		status="release"
		publication="20090807041425"
	>
		<description homepage="" />
		<m:properties__wagonVersion>1.0-beta-6</m:properties__wagonVersion>
		<m:properties__doxiaVersion>1.1</m:properties__doxiaVersion>
		<m:properties__mavenVersion>2.2.1</m:properties__mavenVersion>
		<m:properties__project.build.sourceEncoding>UTF-8</m:properties__project.build.sourceEncoding>
		<m:properties__distMgmtSnapshotsUrl>https://repository.apache.org/content/repositories/snapshots</m:properties__distMgmtSnapshotsUrl>
		<m:properties__distMgmtSnapshotsName>Apache Development Snapshot Repository</m:properties__distMgmtSnapshotsName>
		<m:properties__organization.logo>http://www.apache.org/images/asf_logo_wide.gif</m:properties__organization.logo>
		<m:maven.plugins>org.apache.maven.plugins__maven-remote-resources-plugin__null|org.apache.maven.plugins__maven-remote-resources-plugin__null|null__maven-enforcer-plugin__1.0-alpha-4|org.apache.maven.plugins__maven-remote-resources-plugin__null|org.apache.maven.plugins__maven-remote-resources-plugin__null|null__maven-enforcer-plugin__1.0-alpha-4|org.codehaus.modello__modello-maven-plugin__null</m:maven.plugins>
		<m:dependency.management__org.apache.maven__maven-plugin-descriptor__version>2.2.1</m:dependency.management__org.apache.maven__maven-plugin-descriptor__version>
		<m:dependency.management__org.apache.maven__maven-error-diagnostics__version>2.2.1</m:dependency.management__org.apache.maven__maven-error-diagnostics__version>
		<m:dependency.management__org.apache.maven__maven-model__version>2.2.1</m:dependency.management__org.apache.maven__maven-model__version>
		<m:dependency.management__org.apache.maven__maven-project__version>2.2.1</m:dependency.management__org.apache.maven__maven-project__version>
		<m:dependency.management__org.apache.maven.reporting__maven-reporting-api__version>2.2.1</m:dependency.management__org.apache.maven.reporting__maven-reporting-api__version>
		<m:dependency.management__org.apache.maven__maven-repository-metadata__version>2.2.1</m:dependency.management__org.apache.maven__maven-repository-metadata__version>
		<m:dependency.management__org.apache.maven__maven-artifact__version>2.2.1</m:dependency.management__org.apache.maven__maven-artifact__version>
		<m:dependency.management__org.apache.maven__maven-artifact-manager__version>2.2.1</m:dependency.management__org.apache.maven__maven-artifact-manager__version>
		<m:dependency.management__org.apache.maven__maven-artifact-test__version>2.2.1</m:dependency.management__org.apache.maven__maven-artifact-test__version>
		<m:dependency.management__org.apache.maven__maven-settings__version>2.2.1</m:dependency.management__org.apache.maven__maven-settings__version>
		<m:dependency.management__org.apache.maven__maven-compat__version>2.2.1</m:dependency.management__org.apache.maven__maven-compat__version>
		<m:dependency.management__org.apache.maven__maven-core__version>2.2.1</m:dependency.management__org.apache.maven__maven-core__version>
		<m:dependency.management__org.apache.maven__maven-plugin-parameter-documenter__version>2.2.1</m:dependency.management__org.apache.maven__maven-plugin-parameter-documenter__version>
		<m:dependency.management__org.apache.maven__maven-profile__version>2.2.1</m:dependency.management__org.apache.maven__maven-profile__version>
		<m:dependency.management__org.apache.maven__maven-plugin-registry__version>2.2.1</m:dependency.management__org.apache.maven__maven-plugin-registry__version>
		<m:dependency.management__org.apache.maven__maven-plugin-api__version>2.2.1</m:dependency.management__org.apache.maven__maven-plugin-api__version>
		<m:dependency.management__org.apache.maven__maven-monitor__version>2.2.1</m:dependency.management__org.apache.maven__maven-monitor__version>
		<m:dependency.management__org.apache.maven__maven-toolchain__version>2.2.1</m:dependency.management__org.apache.maven__maven-toolchain__version>
		<m:dependency.management__commons-cli__commons-cli__version>1.2</m:dependency.management__commons-cli__commons-cli__version>
		<m:dependency.management__org.apache.maven.doxia__doxia-sink-api__version>1.1</m:dependency.management__org.apache.maven.doxia__doxia-sink-api__version>
		<m:dependency.management__org.apache.maven.doxia__doxia-logging-api__version>1.1</m:dependency.management__org.apache.maven.doxia__doxia-logging-api__version>
		<m:dependency.management__org.codehaus.plexus__plexus-interpolation__version>1.11</m:dependency.management__org.codehaus.plexus__plexus-interpolation__version>
		<m:dependency.management__org.codehaus.plexus__plexus-container-default__version>1.0-alpha-9-stable-1</m:dependency.management__org.codehaus.plexus__plexus-container-default__version>
		<m:dependency.management__org.codehaus.plexus__plexus-utils__version>1.5.15</m:dependency.management__org.codehaus.plexus__plexus-utils__version>
		<m:dependency.management__org.sonatype.plexus__plexus-sec-dispatcher__version>1.3</m:dependency.management__org.sonatype.plexus__plexus-sec-dispatcher__version>
		<m:dependency.management__org.apache.maven.wagon__wagon-provider-api__version>1.0-beta-6</m:dependency.management__org.apache.maven.wagon__wagon-provider-api__version>
		<m:dependency.management__org.apache.maven.wagon__wagon-ssh__version>1.0-beta-6</m:dependency.management__org.apache.maven.wagon__wagon-ssh__version>
		<m:dependency.management__org.apache.maven.wagon__wagon-ssh-external__version>1.0-beta-6</m:dependency.management__org.apache.maven.wagon__wagon-ssh-external__version>
		<m:dependency.management__org.apache.maven.wagon__wagon-file__version>1.0-beta-6</m:dependency.management__org.apache.maven.wagon__wagon-file__version>
		<m:dependency.management__org.apache.maven.wagon__wagon-webdav-jackrabbit__version>1.0-beta-6</m:dependency.management__org.apache.maven.wagon__wagon-webdav-jackrabbit__version>
		<m:dependency.management__org.apache.maven.wagon__wagon-http__version>1.0-beta-6</m:dependency.management__org.apache.maven.wagon__wagon-http__version>
		<m:dependency.management__org.apache.maven.wagon__wagon-http-lightweight__version>1.0-beta-6</m:dependency.management__org.apache.maven.wagon__wagon-http-lightweight__version>
		<m:dependency.management__org.slf4j__slf4j-jdk14__version>1.5.6</m:dependency.management__org.slf4j__slf4j-jdk14__version>
		<m:dependency.management__org.slf4j__jcl-over-slf4j__version>1.5.6</m:dependency.management__org.slf4j__jcl-over-slf4j__version>
		<m:dependency.management__backport-util-concurrent__backport-util-concurrent__version>3.1</m:dependency.management__backport-util-concurrent__backport-util-concurrent__version>
		<m:dependency.management__easymock__easymock__version>1.2_Java1.3</m:dependency.management__easymock__easymock__version>
		<m:dependency.management__easymock__easymock__scope>test</m:dependency.management__easymock__easymock__scope>
		<m:dependency.management__classworlds__classworlds__version>1.1</m:dependency.management__classworlds__classworlds__version>
	</info>
	<configurations>
		<conf name="default" visibility="public" description="runtime dependencies and master artifact can be used with this conf" extends="runtime,master"/>
		<conf name="master" visibility="public" description="contains only the artifact published by this module itself, with no transitive dependencies"/>
		<conf name="compile" visibility="public" description="this is the default scope, used if none is specified. Compile dependencies are available in all classpaths."/>
		<conf name="provided" visibility="public" description="this is much like compile, but indicates you expect the JDK or a container to provide it. It is only available on the compilation classpath, and is not transitive."/>
		<conf name="runtime" visibility="public" description="this scope indicates that the dependency is not required for compilation, but is for execution. It is in the runtime and test classpaths, but not the compile classpath." extends="compile"/>
		<conf name="test" visibility="private" description="this scope indicates that the dependency is not required for normal use of the application, and is only available for the test compilation and execution phases." extends="runtime"/>
		<conf name="system" visibility="public" description="this scope is similar to provided except that you have to provide the JAR which contains it explicitly. The artifact is always available and is not looked up in a repository."/>
		<conf name="sources" visibility="public" description="this configuration contains the source artifact of this module, if any."/>
		<conf name="javadoc" visibility="public" description="this configuration contains the javadoc artifact of this module, if any."/>
		<conf name="optional" visibility="public" description="contains all optional dependencies"/>
	</configurations>
	<publications>
		<artifact name="maven-profile" type="jar" ext="jar" conf="master"/>
		<artifact name="maven-profile" type="source" ext="jar" conf="sources" m:classifier="sources"/>
		<artifact name="maven-profile" type="javadoc" ext="jar" conf="javadoc" m:classifier="javadoc"/>
	</publications>
	<dependencies>
		<dependency org="org.apache.maven" name="maven-model" rev="2.2.1" force="true" conf="compile->compile(*),master(*);runtime->runtime(*)"/>
		<dependency org="org.codehaus.plexus" name="plexus-utils" rev="1.5.15" force="true" conf="compile->compile(*),master(*);runtime->runtime(*)"/>
		<dependency org="org.codehaus.plexus" name="plexus-interpolation" rev="1.11" force="true" conf="compile->compile(*),master(*);runtime->runtime(*)"/>
		<dependency org="org.codehaus.plexus" name="plexus-container-default" rev="1.0-alpha-9-stable-1" force="true" conf="compile->compile(*),master(*);runtime->runtime(*)"/>
		<dependency org="junit" name="junit" rev="3.8.1" force="true" conf="test->runtime(*),master(*)"/>
		<override org="org.sonatype.plexus" module="plexus-sec-dispatcher" matcher="exact" rev="1.3"/>
		<override org="org.apache.maven" module="maven-monitor" matcher="exact" rev="2.2.1"/>
		<override org="org.apache.maven" module="maven-toolchain" matcher="exact" rev="2.2.1"/>
		<override org="org.codehaus.plexus" module="plexus-interpolation" matcher="exact" rev="1.11"/>
		<override org="classworlds" module="classworlds" matcher="exact" rev="1.1"/>
		<override org="org.apache.maven.wagon" module="wagon-file" matcher="exact" rev="1.0-beta-6"/>
		<override org="easymock" module="easymock" matcher="exact" rev="1.2_Java1.3"/>
		<override org="org.apache.maven.reporting" module="maven-reporting-api" matcher="exact" rev="2.2.1"/>
		<override org="org.apache.maven.wagon" module="wagon-ssh" matcher="exact" rev="1.0-beta-6"/>
		<override org="org.apache.maven.wagon" module="wagon-http" matcher="exact" rev="1.0-beta-6"/>
		<override org="org.apache.maven" module="maven-artifact" matcher="exact" rev="2.2.1"/>
		<override org="org.apache.maven" module="maven-project" matcher="exact" rev="2.2.1"/>
		<override org="org.apache.maven" module="maven-plugin-registry" matcher="exact" rev="2.2.1"/>
		<override org="org.slf4j" module="jcl-over-slf4j" matcher="exact" rev="1.5.6"/>
		<override org="commons-cli" module="commons-cli" matcher="exact" rev="1.2"/>
		<override org="org.apache.maven" module="maven-plugin-api" matcher="exact" rev="2.2.1"/>
		<override org="org.apache.maven.doxia" module="doxia-sink-api" matcher="exact" rev="1.1"/>
		<override org="org.codehaus.plexus" module="plexus-container-default" matcher="exact" rev="1.0-alpha-9-stable-1"/>
		<override org="org.apache.maven" module="maven-model" matcher="exact" rev="2.2.1"/>
		<override org="org.codehaus.plexus" module="plexus-utils" matcher="exact" rev="1.5.15"/>
		<override org="org.apache.maven" module="maven-plugin-descriptor" matcher="exact" rev="2.2.1"/>
		<override org="org.apache.maven.doxia" module="doxia-logging-api" matcher="exact" rev="1.1"/>
		<override org="org.apache.maven" module="maven-artifact-manager" matcher="exact" rev="2.2.1"/>
		<override org="org.apache.maven.wagon" module="wagon-http-lightweight" matcher="exact" rev="1.0-beta-6"/>
		<override org="org.apache.maven.wagon" module="wagon-provider-api" matcher="exact" rev="1.0-beta-6"/>
		<override org="org.apache.maven" module="maven-profile" matcher="exact" rev="2.2.1"/>
		<override org="org.apache.maven" module="maven-core" matcher="exact" rev="2.2.1"/>
		<override org="org.slf4j" module="slf4j-jdk14" matcher="exact" rev="1.5.6"/>
		<override org="org.apache.maven.wagon" module="wagon-ssh-external" matcher="exact" rev="1.0-beta-6"/>
		<override org="org.apache.maven.wagon" module="wagon-webdav-jackrabbit" matcher="exact" rev="1.0-beta-6"/>
		<override org="backport-util-concurrent" module="backport-util-concurrent" matcher="exact" rev="3.1"/>
		<override org="org.apache.maven" module="maven-repository-metadata" matcher="exact" rev="2.2.1"/>
		<override org="org.apache.maven" module="maven-artifact-test" matcher="exact" rev="2.2.1"/>
		<override org="org.apache.maven" module="maven-settings" matcher="exact" rev="2.2.1"/>
		<override org="org.apache.maven" module="maven-error-diagnostics" matcher="exact" rev="2.2.1"/>
		<override org="org.apache.maven" module="maven-plugin-parameter-documenter" matcher="exact" rev="2.2.1"/>
		<override org="org.apache.maven" module="maven-compat" matcher="exact" rev="2.2.1"/>
	</dependencies>
</ivy-module>
