<?xml version="1.0" encoding="UTF-8"?>
<ivy-module version="2.0" xmlns:m="http://ant.apache.org/ivy/maven">
	<info organisation="xalan"
		module="xalan"
		revision="2.7.1"
		status="release"
		publication="20080930170254"
	>
		<description homepage="http://xml.apache.org/xalan-j/">
		Xalan-Java is an XSLT processor for transforming XML documents into HTML,
    text, or other XML document types. It implements XSL Transformations (XSLT)
    Version 1.0 and XML Path Language (XPath) Version 1.0 and can be used from
    the command line, in an applet or a servlet, or as a module in other program.
		</description>
		<m:properties__organization.logo>http://www.apache.org/images/asf_logo_wide.gif</m:properties__organization.logo>
	</info>
	<configurations>
		<conf name="default" visibility="public" description="runtime dependencies and master artifact can be used with this conf" extends="runtime,master"/>
		<conf name="master" visibility="public" description="contains only the artifact published by this module itself, with no transitive dependencies"/>
		<conf name="compile" visibility="public" description="this is the default scope, used if none is specified. Compile dependencies are available in all classpaths."/>
		<conf name="provided" visibility="public" description="this is much like compile, but indicates you expect the JDK or a container to provide it. It is only available on the compilation classpath, and is not transitive."/>
		<conf name="runtime" visibility="public" description="this scope indicates that the dependency is not required for compilation, but is for execution. It is in the runtime and test classpaths, but not the compile classpath." extends="compile"/>
		<conf name="test" visibility="private" description="this scope indicates that the dependency is not required for normal use of the application, and is only available for the test compilation and execution phases." extends="runtime"/>
		<conf name="system" visibility="public" description="this scope is similar to provided except that you have to provide the JAR which contains it explicitly. The artifact is always available and is not looked up in a repository."/>
		<conf name="sources" visibility="public" description="this configuration contains the source artifact of this module, if any."/>
		<conf name="javadoc" visibility="public" description="this configuration contains the javadoc artifact of this module, if any."/>
		<conf name="optional" visibility="public" description="contains all optional dependencies"/>
	</configurations>
	<publications>
		<artifact name="xalan" type="jar" ext="jar" conf="master"/>
		<artifact name="xalan" type="source" ext="jar" conf="sources" m:classifier="sources"/>
	</publications>
	<dependencies>
		<dependency org="xalan" name="serializer" rev="2.7.1" force="true" conf="compile->compile(*),master(*);runtime->runtime(*)"/>
		<dependency org="xerces" name="xercesImpl" rev="2.9.0" force="true" conf="optional->compile(*),master(*)"/>
	</dependencies>
</ivy-module>
