<?xml version="1.0" encoding="UTF-8"?>
<ivy-module version="2.0" xmlns:m="http://ant.apache.org/ivy/maven">
	<info organisation="net.sourceforge.pmd"
		module="pmd"
		revision="5.2.3"
		status="release"
		publication="20141221195200"
	>
		<license name="BSD-style" url="http://pmd.sourceforge.net/license.html" />
		<description homepage="http://pmd.sourceforge.net/">
		&lt;p>PMD scans Java source code and looks for potential problems like:&lt;/p>
&lt;ul>
  &lt;li>Possible bugs - empty try/catch/finally/switch statements&lt;/li>
  &lt;li>Dead code - unused local variables, parameters and private methods&lt;/li>
  &lt;li>Suboptimal code - wasteful String/StringBuffer usage&lt;/li>
  &lt;li>Overcomplicated expressions - unnecessary if statements, for loops that could be while loops&lt;/li>
  &lt;li>Duplicate code - copied/pasted code means copied/pasted bugs&lt;/li>
&lt;/ul>
&lt;p>You can &lt;b>&lt;a href=&quot;http://sourceforge.net/project/showfiles.php?group_id=56262&quot;>download everything from here&lt;/a>&lt;/b>, and you can get an overview of all the rules at the &lt;a href=&quot;rules/index.html&quot;>rulesets index&lt;/a> page.&lt;/p>
&lt;p>PMD is &lt;a href=&quot;integrations.html&quot;>integrated&lt;/a> with JDeveloper, Eclipse, JEdit, JBuilder, BlueJ, CodeGuide, NetBeans/Sun Java Studio Enterprise/Creator, IntelliJ IDEA, TextPad, Maven, Ant, Gel, JCreator, and Emacs.&lt;/p>
		</description>
		<m:properties__checkstyle.suppressionsFile>${config.basedir}/etc/checkstyle-suppressions.xml</m:properties__checkstyle.suppressionsFile>
		<m:properties__checkstyle.version>2.13</m:properties__checkstyle.version>
		<m:properties__pmd.plugin.version>3.3</m:properties__pmd.plugin.version>
		<m:properties__clover.version>2.5.1</m:properties__clover.version>
		<m:properties__checkstyle.configLocation>${config.basedir}/etc/checkstyle-config.xml</m:properties__checkstyle.configLocation>
		<m:properties__pmd.dogfood.ruleset>${config.basedir}/src/main/resources/rulesets/internal/dogfood.xml</m:properties__pmd.dogfood.ruleset>
		<m:properties__ant.version>1.9.4</m:properties__ant.version>
		<m:properties__java.version>1.6</m:properties__java.version>
		<m:properties__javacc.version>5.0</m:properties__javacc.version>
		<m:properties__config.basedir>${basedir}/pmd-core</m:properties__config.basedir>
		<m:properties__pmd.website.baseurl>http://pmd.sourceforge.net/snapshot/${project.artifactId}</m:properties__pmd.website.baseurl>
		<m:properties__project.build.sourceEncoding>UTF-8</m:properties__project.build.sourceEncoding>
		<m:properties__surefire.version>2.17</m:properties__surefire.version>
		<m:properties__javadoc.plugin.version>2.10.1</m:properties__javadoc.plugin.version>
		<m:properties__sonatypeOssDistMgmtSnapshotsUrl>https://oss.sonatype.org/content/repositories/snapshots/</m:properties__sonatypeOssDistMgmtSnapshotsUrl>
		<m:maven.plugins>org.apache.maven.plugins__maven-enforcer-plugin__1.0|org.apache.maven.plugins__maven-enforcer-plugin__1.0|org.apache.maven.plugins__maven-site-plugin__null|org.apache.maven.plugins__maven-antrun-plugin__null</m:maven.plugins>
		<m:dependency.management__org.apache.ant__ant__version>1.9.4</m:dependency.management__org.apache.ant__ant__version>
		<m:dependency.management__org.apache.ant__ant-testutil__version>1.9.4</m:dependency.management__org.apache.ant__ant-testutil__version>
		<m:dependency.management__jaxen__jaxen__version>1.1.4</m:dependency.management__jaxen__jaxen__version>
		<m:dependency.management__jaxen__jaxen__exclusion_0>xerces__xercesImpl</m:dependency.management__jaxen__jaxen__exclusion_0>
		<m:dependency.management__jaxen__jaxen__exclusion_1>xalan__xalan</m:dependency.management__jaxen__jaxen__exclusion_1>
		<m:dependency.management__jaxen__jaxen__exclusion_2>com.ibm.icu__icu4j</m:dependency.management__jaxen__jaxen__exclusion_2>
		<m:dependency.management__com.beust__jcommander__version>1.35</m:dependency.management__com.beust__jcommander__version>
		<m:dependency.management__org.ow2.asm__asm__version>5.0.3</m:dependency.management__org.ow2.asm__asm__version>
		<m:dependency.management__net.sourceforge.pmd__pmd-core__version>5.2.3</m:dependency.management__net.sourceforge.pmd__pmd-core__version>
		<m:dependency.management__net.sourceforge.pmd__pmd-test__version>5.2.3</m:dependency.management__net.sourceforge.pmd__pmd-test__version>
		<m:dependency.management__net.sourceforge.saxon__saxon__version>9.1.0.8</m:dependency.management__net.sourceforge.saxon__saxon__version>
		<m:dependency.management__org.mozilla__rhino__version>1.7R4</m:dependency.management__org.mozilla__rhino__version>
		<m:dependency.management__junit__junit__version>4.11</m:dependency.management__junit__junit__version>
		<m:dependency.management__xerces__xercesImpl__version>2.11.0</m:dependency.management__xerces__xercesImpl__version>
		<m:dependency.management__net.java.dev.javacc__javacc__version>5.0</m:dependency.management__net.java.dev.javacc__javacc__version>
		<m:dependency.management__commons-io__commons-io__version>2.4</m:dependency.management__commons-io__commons-io__version>
		<m:dependency.management__org.mockito__mockito-all__version>1.10.8</m:dependency.management__org.mockito__mockito-all__version>
		<m:dependency.management__org.apache.commons__commons-lang3__version>3.3.2</m:dependency.management__org.apache.commons__commons-lang3__version>
		<m:dependency.management__org.slf4j__slf4j-api__version>1.7.7</m:dependency.management__org.slf4j__slf4j-api__version>
		<m:dependency.management__com.github.tomakehurst__wiremock__version>1.52</m:dependency.management__com.github.tomakehurst__wiremock__version>
	</info>
	<configurations>
		<conf name="default" visibility="public" description="runtime dependencies and master artifact can be used with this conf" extends="runtime,master"/>
		<conf name="master" visibility="public" description="contains only the artifact published by this module itself, with no transitive dependencies"/>
		<conf name="compile" visibility="public" description="this is the default scope, used if none is specified. Compile dependencies are available in all classpaths."/>
		<conf name="provided" visibility="public" description="this is much like compile, but indicates you expect the JDK or a container to provide it. It is only available on the compilation classpath, and is not transitive."/>
		<conf name="runtime" visibility="public" description="this scope indicates that the dependency is not required for compilation, but is for execution. It is in the runtime and test classpaths, but not the compile classpath." extends="compile"/>
		<conf name="test" visibility="private" description="this scope indicates that the dependency is not required for normal use of the application, and is only available for the test compilation and execution phases." extends="runtime"/>
		<conf name="system" visibility="public" description="this scope is similar to provided except that you have to provide the JAR which contains it explicitly. The artifact is always available and is not looked up in a repository."/>
		<conf name="sources" visibility="public" description="this configuration contains the source artifact of this module, if any."/>
		<conf name="javadoc" visibility="public" description="this configuration contains the javadoc artifact of this module, if any."/>
		<conf name="optional" visibility="public" description="contains all optional dependencies"/>
	</configurations>
	<publications>
	</publications>
</ivy-module>
