<?xml version="1.0" encoding="UTF-8"?>
<ivy-module version="2.0" xmlns:m="http://ant.apache.org/ivy/maven">
	<info organisation="xml-apis"
		module="xml-apis"
		revision="1.4.01"
		status="release"
		publication="20110820091111"
	>
		<license name="The Apache Software License, Version 2.0" url="http://www.apache.org/licenses/LICENSE-2.0.txt" />
		<license name="The SAX License" url="http://www.saxproject.org/copying.html" />
		<license name="The W3C License" url="http://www.w3.org/TR/2004/REC-DOM-Level-3-Core-20040407/java-binding.zip" />
		<description homepage="http://xml.apache.org/commons/components/external/">
		xml-commons provides an Apache-hosted set of DOM, SAX, and 
    JAXP interfaces for use in other xml-based projects. Our hope is that we 
    can standardize on both a common version and packaging scheme for these 
    critical XML standards interfaces to make the lives of both our developers 
    and users easier. The External Components portion of xml-commons contains 
    interfaces that are defined by external standards organizations. For DOM, 
    that&apos;s the W3C; for SAX it&apos;s David Megginson and sax.sourceforge.net; for 
    JAXP it&apos;s Sun.
		</description>
	</info>
	<configurations>
		<conf name="default" visibility="public" description="runtime dependencies and master artifact can be used with this conf" extends="runtime,master"/>
		<conf name="master" visibility="public" description="contains only the artifact published by this module itself, with no transitive dependencies"/>
		<conf name="compile" visibility="public" description="this is the default scope, used if none is specified. Compile dependencies are available in all classpaths."/>
		<conf name="provided" visibility="public" description="this is much like compile, but indicates you expect the JDK or a container to provide it. It is only available on the compilation classpath, and is not transitive."/>
		<conf name="runtime" visibility="public" description="this scope indicates that the dependency is not required for compilation, but is for execution. It is in the runtime and test classpaths, but not the compile classpath." extends="compile"/>
		<conf name="test" visibility="private" description="this scope indicates that the dependency is not required for normal use of the application, and is only available for the test compilation and execution phases." extends="runtime"/>
		<conf name="system" visibility="public" description="this scope is similar to provided except that you have to provide the JAR which contains it explicitly. The artifact is always available and is not looked up in a repository."/>
		<conf name="sources" visibility="public" description="this configuration contains the source artifact of this module, if any."/>
		<conf name="javadoc" visibility="public" description="this configuration contains the javadoc artifact of this module, if any."/>
		<conf name="optional" visibility="public" description="contains all optional dependencies"/>
	</configurations>
	<publications>
		<artifact name="xml-apis" type="jar" ext="jar" conf="master"/>
		<artifact name="xml-apis" type="source" ext="jar" conf="sources" m:classifier="sources"/>
		<artifact name="xml-apis" type="javadoc" ext="jar" conf="javadoc" m:classifier="javadoc"/>
	</publications>
</ivy-module>
