<?xml version="1.0" encoding="UTF-8"?>
<ivy-module version="2.0" xmlns:m="http://ant.apache.org/ivy/maven">
	<info organisation="org.apache.maven"
		module="maven-ant-tasks"
		revision="2.1.3"
		status="release"
		publication="20110413171108"
	>
		<description homepage="http://maven.apache.org/ant-tasks/">
		Ant Tasks used for Maven integration
		</description>
		<m:properties__wagonVersion>1.0-beta-6</m:properties__wagonVersion>
		<m:properties__mavenVersion>2.2.1</m:properties__mavenVersion>
		<m:properties__distMgmtSnapshotsUrl>https://repository.apache.org/content/repositories/snapshots</m:properties__distMgmtSnapshotsUrl>
		<m:properties__sourceReleaseAssemblyDescriptor>source-release</m:properties__sourceReleaseAssemblyDescriptor>
		<m:properties__distMgmtSnapshotsName>Apache Development Snapshot Repository</m:properties__distMgmtSnapshotsName>
		<m:properties__project.build.sourceEncoding>UTF-8</m:properties__project.build.sourceEncoding>
		<m:properties__organization.logo>http://www.apache.org/images/asf_logo_wide.gif</m:properties__organization.logo>
		<m:maven.plugins>org.apache.maven.plugins__maven-remote-resources-plugin__null|org.apache.maven.plugins__maven-remote-resources-plugin__null|org.apache.maven.plugins__maven-remote-resources-plugin__null|org.apache.maven.plugins__maven-remote-resources-plugin__null|org.apache.maven.plugins__maven-shade-plugin__null</m:maven.plugins>
	</info>
	<configurations>
		<conf name="default" visibility="public" description="runtime dependencies and master artifact can be used with this conf" extends="runtime,master"/>
		<conf name="master" visibility="public" description="contains only the artifact published by this module itself, with no transitive dependencies"/>
		<conf name="compile" visibility="public" description="this is the default scope, used if none is specified. Compile dependencies are available in all classpaths."/>
		<conf name="provided" visibility="public" description="this is much like compile, but indicates you expect the JDK or a container to provide it. It is only available on the compilation classpath, and is not transitive."/>
		<conf name="runtime" visibility="public" description="this scope indicates that the dependency is not required for compilation, but is for execution. It is in the runtime and test classpaths, but not the compile classpath." extends="compile"/>
		<conf name="test" visibility="private" description="this scope indicates that the dependency is not required for normal use of the application, and is only available for the test compilation and execution phases." extends="runtime"/>
		<conf name="system" visibility="public" description="this scope is similar to provided except that you have to provide the JAR which contains it explicitly. The artifact is always available and is not looked up in a repository."/>
		<conf name="sources" visibility="public" description="this configuration contains the source artifact of this module, if any."/>
		<conf name="javadoc" visibility="public" description="this configuration contains the javadoc artifact of this module, if any."/>
		<conf name="optional" visibility="public" description="contains all optional dependencies"/>
	</configurations>
	<publications>
		<artifact name="maven-ant-tasks" type="jar" ext="jar" conf="master"/>
		<artifact name="maven-ant-tasks" type="source" ext="jar" conf="sources" m:classifier="sources"/>
		<artifact name="maven-ant-tasks" type="javadoc" ext="jar" conf="javadoc" m:classifier="javadoc"/>
	</publications>
	<dependencies>
		<dependency org="org.apache.ant" name="ant" rev="1.8.0" force="true" conf="compile->compile(*),master(*);runtime->runtime(*)"/>
		<dependency org="classworlds" name="classworlds" rev="1.1-alpha-2" force="true" conf="compile->compile(*),master(*);runtime->runtime(*)"/>
		<dependency org="junit" name="junit" rev="3.8.1" force="true" conf="test->runtime(*),master(*)"/>
		<dependency org="org.codehaus.plexus" name="plexus-container-default" rev="1.0-alpha-9-stable-1" force="true" conf="compile->compile(*),master(*);runtime->runtime(*)">
			<exclude org="junit" module="junit" name="*" type="*" ext="*" conf="" matcher="exact"/>
		</dependency>
		<dependency org="org.codehaus.plexus" name="plexus-utils" rev="1.5.15" force="true" conf="compile->compile(*),master(*);runtime->runtime(*)"/>
		<dependency org="org.codehaus.plexus" name="plexus-interpolation" rev="1.11" force="true" conf="compile->compile(*),master(*);runtime->runtime(*)"/>
		<dependency org="org.apache.maven" name="maven-artifact" rev="2.2.1" force="true" conf="compile->compile(*),master(*);runtime->runtime(*)"/>
		<dependency org="org.apache.maven" name="maven-artifact-manager" rev="2.2.1" force="true" conf="compile->compile(*),master(*);runtime->runtime(*)"/>
		<dependency org="org.apache.maven" name="maven-model" rev="2.2.1" force="true" conf="compile->compile(*),master(*);runtime->runtime(*)"/>
		<dependency org="org.apache.maven" name="maven-project" rev="2.2.1" force="true" conf="compile->compile(*),master(*);runtime->runtime(*)"/>
		<dependency org="org.apache.maven" name="maven-error-diagnostics" rev="2.2.1" force="true" conf="compile->compile(*),master(*);runtime->runtime(*)"/>
		<dependency org="org.apache.maven" name="maven-settings" rev="2.2.1" force="true" conf="compile->compile(*),master(*);runtime->runtime(*)"/>
		<dependency org="org.apache.maven.wagon" name="wagon-file" rev="1.0-beta-6" force="true" conf="compile->compile(*),master(*);runtime->runtime(*)"/>
		<dependency org="org.apache.maven.wagon" name="wagon-http-lightweight" rev="1.0-beta-6" force="true" conf="compile->compile(*),master(*);runtime->runtime(*)"/>
		<dependency org="org.apache.maven.wagon" name="wagon-provider-api" rev="1.0-beta-6" force="true" conf="compile->compile(*),master(*);runtime->runtime(*)"/>
	</dependencies>
</ivy-module>
