<?xml version="1.0" encoding="UTF-8"?>
<ivy-module version="2.0" xmlns:m="http://ant.apache.org/ivy/maven">
	<info organisation="jaxen"
		module="jaxen"
		revision="1.1.4"
		status="release"
		publication="20120817013051"
	>
		<license name="Unknown License" url="http://jaxen.codehaus.org/license.html" />
		<description homepage="http://jaxen.codehaus.org/">
		Jaxen is a universal Java XPath engine.
		</description>
		<m:properties__project.reporting.outputEncoding>UTF-8</m:properties__project.reporting.outputEncoding>
		<m:properties__project.build.sourceEncoding>UTF-8</m:properties__project.build.sourceEncoding>
		<m:properties__sonatypeOssDistMgmtSnapshotsUrl>https://oss.sonatype.org/content/repositories/snapshots/</m:properties__sonatypeOssDistMgmtSnapshotsUrl>
		<m:maven.plugins>org.apache.maven.plugins__maven-enforcer-plugin__1.0|org.apache.maven.plugins__maven-enforcer-plugin__1.0|null__maven-compiler-plugin__2.5.1|null__maven-repository-plugin__2.3.1|null__maven-javadoc-plugin__2.8.1|null__maven-surefire-plugin__2.12|org.codehaus.mojo__cobertura-maven-plugin__2.5.1|org.codehaus.mojo__findbugs-maven-plugin__2.4.0</m:maven.plugins>
	</info>
	<configurations>
		<conf name="default" visibility="public" description="runtime dependencies and master artifact can be used with this conf" extends="runtime,master"/>
		<conf name="master" visibility="public" description="contains only the artifact published by this module itself, with no transitive dependencies"/>
		<conf name="compile" visibility="public" description="this is the default scope, used if none is specified. Compile dependencies are available in all classpaths."/>
		<conf name="provided" visibility="public" description="this is much like compile, but indicates you expect the JDK or a container to provide it. It is only available on the compilation classpath, and is not transitive."/>
		<conf name="runtime" visibility="public" description="this scope indicates that the dependency is not required for compilation, but is for execution. It is in the runtime and test classpaths, but not the compile classpath." extends="compile"/>
		<conf name="test" visibility="private" description="this scope indicates that the dependency is not required for normal use of the application, and is only available for the test compilation and execution phases." extends="runtime"/>
		<conf name="system" visibility="public" description="this scope is similar to provided except that you have to provide the JAR which contains it explicitly. The artifact is always available and is not looked up in a repository."/>
		<conf name="sources" visibility="public" description="this configuration contains the source artifact of this module, if any."/>
		<conf name="javadoc" visibility="public" description="this configuration contains the javadoc artifact of this module, if any."/>
		<conf name="optional" visibility="public" description="contains all optional dependencies"/>
	</configurations>
	<publications>
		<artifact name="jaxen" type="jar" ext="jar" conf="master"/>
		<artifact name="jaxen" type="source" ext="jar" conf="sources" m:classifier="sources"/>
		<artifact name="jaxen" type="javadoc" ext="jar" conf="javadoc" m:classifier="javadoc"/>
	</publications>
	<dependencies>
		<dependency org="dom4j" name="dom4j" rev="1.6.1" force="true" conf="optional->compile(*),master(*)"/>
		<dependency org="jdom" name="jdom" rev="1.0" force="true" conf="optional->compile(*),master(*)"/>
		<dependency org="xml-apis" name="xml-apis" rev="1.3.02" force="true" conf="provided->compile(*),provided(*),runtime(*),master(*)"/>
		<dependency org="xerces" name="xercesImpl" rev="2.6.2" force="true" conf="provided->compile(*),provided(*),runtime(*),master(*)"/>
		<dependency org="xom" name="xom" rev="1.0" force="true" conf="optional->compile(*),master(*)"/>
		<dependency org="junit" name="junit" rev="3.8.2" force="true" conf="test->runtime(*),master(*)"/>
	</dependencies>
</ivy-module>
