<?xml version="1.0" encoding="UTF-8"?>
<?xml-stylesheet type="text/xsl" href="ivy-report.xsl"?>
<ivy-report version="1.0">
	<info
		organisation="com.liferay"
		module="com.liferay.sdk.dependencies.aQute.bnd"
		revision="working@k1714p2"
		conf="default"
		confs="default, internal, provided"
		date="20180713140753"/>
	<dependencies>
		<module organisation="biz.aQute.bnd" name="biz.aQute.bnd">
			<revision name="2.4.1" status="release" pubdate="20150117210450" resolver="liferay-public" artresolver="default" homepage="http://bnd.bndtools.org/" downloaded="true" searched="true" default="false" conf="default, compile, runtime, master" position="0">
				<license name="Apache License, Version 2.0" url="http://www.opensource.org/licenses/apache2.0.php"/>
				<metadata-artifact status="successful" details="" size="1586" time="3630" location="/media/k1714p2/d/Liferay 6/liferay-plugins-sdk-6.2/.ivy/cache/biz.aQute.bnd/biz.aQute.bnd/ivy-2.4.1.xml" searched="true" original-local-location="/media/k1714p2/d/Liferay 6/liferay-plugins-sdk-6.2/.ivy/cache/biz.aQute.bnd/biz.aQute.bnd/ivy-2.4.1.xml.original" origin-is-local="false" origin-location="https://repository.liferay.com/nexus/content/repositories/public/biz/aQute/bnd/biz.aQute.bnd/2.4.1/biz.aQute.bnd-2.4.1.pom"/>
				<caller organisation="com.liferay" name="com.liferay.sdk.dependencies.aQute.bnd" conf="default" rev="2.4.1" rev-constraint-default="2.4.1" rev-constraint-dynamic="2.4.1" callerrev="working@k1714p2"/>
				<artifacts>
					<artifact name="biz.aQute.bnd" type="jar" ext="jar" status="successful" details="" size="2664693" time="3171" location="/media/k1714p2/d/Liferay 6/liferay-plugins-sdk-6.2/.ivy/cache/biz.aQute.bnd/biz.aQute.bnd/jars/biz.aQute.bnd-2.4.1.jar">
						<origin-location is-local="false" location="https://repository.liferay.com/nexus/content/repositories/public/biz/aQute/bnd/biz.aQute.bnd/2.4.1/biz.aQute.bnd-2.4.1.jar"/>
					</artifact>
				</artifacts>
			</revision>
		</module>
	</dependencies>
</ivy-report>
