<?xml version="1.0" encoding="UTF-8"?>
<?xml-stylesheet type="text/xsl" href="ivy-report.xsl"?>
<ivy-report version="1.0">
	<info
		organisation="com.liferay"
		module="com.liferay.sdk.dependencies.org.freemarker"
		revision="working@k1714p2"
		conf="default"
		confs="default, internal, provided"
		date="20180713142750"/>
	<dependencies>
		<module organisation="com.liferay" name="org.freemarker">
			<revision name="2.3.17.LIFERAY-PATCHED-1" status="release" pubdate="20150110072900" resolver="liferay-public" artresolver="default" homepage="" downloaded="true" searched="true" default="false" conf="default, compile, runtime, master" position="0">
				<license name="LGPL 2.1" url="http://www.gnu.org/licenses/old-licenses/lgpl-2.1.txt"/>
				<metadata-artifact status="successful" details="" size="1278" time="2325" location="/media/k1714p2/d/Liferay 6/liferay-plugins-sdk-6.2/.ivy/cache/com.liferay/org.freemarker/ivy-2.3.17.LIFERAY-PATCHED-1.xml" searched="true" original-local-location="/media/k1714p2/d/Liferay 6/liferay-plugins-sdk-6.2/.ivy/cache/com.liferay/org.freemarker/ivy-2.3.17.LIFERAY-PATCHED-1.xml.original" origin-is-local="false" origin-location="https://repository.liferay.com/nexus/content/repositories/public/com/liferay/org.freemarker/2.3.17.LIFERAY-PATCHED-1/org.freemarker-2.3.17.LIFERAY-PATCHED-1.pom"/>
				<caller organisation="com.liferay" name="com.liferay.sdk.dependencies.org.freemarker" conf="default" rev="2.3.17.LIFERAY-PATCHED-1" rev-constraint-default="2.3.17.LIFERAY-PATCHED-1" rev-constraint-dynamic="2.3.17.LIFERAY-PATCHED-1" callerrev="working@k1714p2"/>
				<artifacts>
					<artifact name="org.freemarker" type="jar" ext="jar" status="successful" details="" size="936509" time="2245" location="/media/k1714p2/d/Liferay 6/liferay-plugins-sdk-6.2/.ivy/cache/com.liferay/org.freemarker/jars/org.freemarker-2.3.17.LIFERAY-PATCHED-1.jar">
						<origin-location is-local="false" location="https://repository.liferay.com/nexus/content/repositories/public/com/liferay/org.freemarker/2.3.17.LIFERAY-PATCHED-1/org.freemarker-2.3.17.LIFERAY-PATCHED-1.jar"/>
					</artifact>
				</artifacts>
			</revision>
		</module>
	</dependencies>
</ivy-report>
