<?xml version="1.0" encoding="UTF-8"?>
<?xml-stylesheet type="text/xsl" href="ivy-report.xsl"?>
<ivy-report version="1.0">
	<info
		organisation="com.liferay"
		module="com.liferay.sdk.dependencies.com.liferay.ant.bnd"
		revision="working@k1714p2"
		conf="default"
		confs="default, internal, provided"
		date="20180713140805"/>
	<dependencies>
		<module organisation="com.liferay" name="com.liferay.ant.bnd">
			<revision name="2.0.0" status="release" pubdate="20150710075229" resolver="liferay-public" artresolver="default" homepage="" downloaded="true" searched="true" default="false" conf="default, compile, runtime, master" position="0">
				<license name="LGPL 2.1" url="http://www.gnu.org/licenses/old-licenses/lgpl-2.1.txt"/>
				<metadata-artifact status="successful" details="" size="1605" time="3153" location="/media/k1714p2/d/Liferay 6/liferay-plugins-sdk-6.2/.ivy/cache/com.liferay/com.liferay.ant.bnd/ivy-2.0.0.xml" searched="true" original-local-location="/media/k1714p2/d/Liferay 6/liferay-plugins-sdk-6.2/.ivy/cache/com.liferay/com.liferay.ant.bnd/ivy-2.0.0.xml.original" origin-is-local="false" origin-location="https://repository.liferay.com/nexus/content/repositories/public/com/liferay/com.liferay.ant.bnd/2.0.0/com.liferay.ant.bnd-2.0.0.pom"/>
				<caller organisation="com.liferay" name="com.liferay.sdk.dependencies.com.liferay.ant.bnd" conf="default" rev="2.0.0" rev-constraint-default="2.0.0" rev-constraint-dynamic="2.0.0" callerrev="working@k1714p2"/>
				<artifacts>
					<artifact name="com.liferay.ant.bnd" type="jar" ext="jar" status="successful" details="" size="34653" time="2647" location="/media/k1714p2/d/Liferay 6/liferay-plugins-sdk-6.2/.ivy/cache/com.liferay/com.liferay.ant.bnd/jars/com.liferay.ant.bnd-2.0.0.jar">
						<origin-location is-local="false" location="https://repository.liferay.com/nexus/content/repositories/public/com/liferay/com.liferay.ant.bnd/2.0.0/com.liferay.ant.bnd-2.0.0.jar"/>
					</artifact>
				</artifacts>
			</revision>
		</module>
		<module organisation="org.apache.ant" name="ant">
			<revision name="1.9.4" status="release" pubdate="20140430122111" resolver="liferay-public" artresolver="default" homepage="http://ant.apache.org/" downloaded="true" searched="true" default="false" conf="compile, master(*), runtime, compile(*), runtime(*), master" position="2">
				<metadata-artifact status="successful" details="" size="9625" time="3478" location="/media/k1714p2/d/Liferay 6/liferay-plugins-sdk-6.2/.ivy/cache/org.apache.ant/ant/ivy-1.9.4.xml" searched="true" original-local-location="/media/k1714p2/d/Liferay 6/liferay-plugins-sdk-6.2/.ivy/cache/org.apache.ant/ant/ivy-1.9.4.xml.original" origin-is-local="false" origin-location="https://repository.liferay.com/nexus/content/repositories/public/org/apache/ant/ant/1.9.4/ant-1.9.4.pom"/>
				<caller organisation="com.liferay" name="com.liferay.ant.bnd" conf="default, compile, runtime, master" rev="1.9.4" rev-constraint-default="1.9.4" rev-constraint-dynamic="1.9.4" callerrev="2.0.0"/>
				<artifacts>
					<artifact name="ant" type="jar" ext="jar" status="successful" details="" size="2019274" time="2487" location="/media/k1714p2/d/Liferay 6/liferay-plugins-sdk-6.2/.ivy/cache/org.apache.ant/ant/jars/ant-1.9.4.jar">
						<origin-location is-local="false" location="https://repository.liferay.com/nexus/content/repositories/public/org/apache/ant/ant/1.9.4/ant-1.9.4.jar"/>
					</artifact>
				</artifacts>
			</revision>
		</module>
		<module organisation="org.apache.ant" name="ant-launcher">
			<revision name="1.9.4" status="release" pubdate="20140430123313" resolver="liferay-public" artresolver="default" homepage="http://ant.apache.org/" downloaded="true" searched="true" default="false" conf="compile, master(*), runtime, compile(*), runtime(*), master" position="3">
				<metadata-artifact status="successful" details="" size="2335" time="3405" location="/media/k1714p2/d/Liferay 6/liferay-plugins-sdk-6.2/.ivy/cache/org.apache.ant/ant-launcher/ivy-1.9.4.xml" searched="true" original-local-location="/media/k1714p2/d/Liferay 6/liferay-plugins-sdk-6.2/.ivy/cache/org.apache.ant/ant-launcher/ivy-1.9.4.xml.original" origin-is-local="false" origin-location="https://repository.liferay.com/nexus/content/repositories/public/org/apache/ant/ant-launcher/1.9.4/ant-launcher-1.9.4.pom"/>
				<caller organisation="org.apache.ant" name="ant" conf="compile, runtime" rev="1.9.4" rev-constraint-default="1.9.4" rev-constraint-dynamic="1.9.4" callerrev="1.9.4"/>
				<artifacts>
					<artifact name="ant-launcher" type="jar" ext="jar" status="successful" details="" size="18381" time="1834" location="/media/k1714p2/d/Liferay 6/liferay-plugins-sdk-6.2/.ivy/cache/org.apache.ant/ant-launcher/jars/ant-launcher-1.9.4.jar">
						<origin-location is-local="false" location="https://repository.liferay.com/nexus/content/repositories/public/org/apache/ant/ant-launcher/1.9.4/ant-launcher-1.9.4.jar"/>
					</artifact>
				</artifacts>
			</revision>
		</module>
		<module organisation="biz.aQute.bnd" name="biz.aQute.bnd">
			<revision name="2.4.1" status="release" pubdate="20150117210450" resolver="liferay-public" artresolver="default" homepage="http://bnd.bndtools.org/" downloaded="false" searched="false" default="false" conf="compile, master(*), runtime, compile(*), runtime(*), master" position="1">
				<license name="Apache License, Version 2.0" url="http://www.opensource.org/licenses/apache2.0.php"/>
				<metadata-artifact status="no" details="" size="2720" time="0" location="/media/k1714p2/d/Liferay 6/liferay-plugins-sdk-6.2/.ivy/cache/biz.aQute.bnd/biz.aQute.bnd/ivy-2.4.1.xml" searched="false" original-local-location="/media/k1714p2/d/Liferay 6/liferay-plugins-sdk-6.2/.ivy/cache/biz.aQute.bnd/biz.aQute.bnd/ivy-2.4.1.xml.original" origin-is-local="false" origin-location="https://repository.liferay.com/nexus/content/repositories/public/biz/aQute/bnd/biz.aQute.bnd/2.4.1/biz.aQute.bnd-2.4.1.pom"/>
				<caller organisation="com.liferay" name="com.liferay.ant.bnd" conf="default, compile, runtime, master" rev="2.4.1" rev-constraint-default="2.4.1" rev-constraint-dynamic="2.4.1" callerrev="2.0.0"/>
				<artifacts>
					<artifact name="biz.aQute.bnd" type="jar" ext="jar" status="no" details="" size="2664693" time="0" location="/media/k1714p2/d/Liferay 6/liferay-plugins-sdk-6.2/.ivy/cache/biz.aQute.bnd/biz.aQute.bnd/jars/biz.aQute.bnd-2.4.1.jar">
						<origin-location is-local="false" location="https://repository.liferay.com/nexus/content/repositories/public/biz/aQute/bnd/biz.aQute.bnd/2.4.1/biz.aQute.bnd-2.4.1.jar"/>
					</artifact>
				</artifacts>
			</revision>
		</module>
	</dependencies>
</ivy-report>
