<?xml version="1.0" encoding="UTF-8"?>
<?xml-stylesheet type="text/xsl" href="ivy-report.xsl"?>
<ivy-report version="1.0">
	<info
		organisation="com.liferay"
		module="com.liferay.sdk"
		revision="working@k1714p2"
		conf="default"
		confs="default, internal, provided"
		date="20180713135550"/>
	<dependencies>
		<module organisation="xerces" name="xercesImpl">
			<revision name="2.10.0" status="release" pubdate="20110816073238" resolver="liferay-public" artresolver="default" homepage="https://xerces.apache.org/xerces2-j/" downloaded="true" searched="true" default="false" conf="default, compile, runtime, master" position="24">
				<license name="The Apache Software License, Version 2.0" url="http://www.apache.org/licenses/LICENSE-2.0.txt"/>
				<metadata-artifact status="successful" details="" size="3200" time="3991" location="/media/k1714p2/d/Liferay 6/liferay-plugins-sdk-6.2/.ivy/cache/xerces/xercesImpl/ivy-2.10.0.xml" searched="true" original-local-location="/media/k1714p2/d/Liferay 6/liferay-plugins-sdk-6.2/.ivy/cache/xerces/xercesImpl/ivy-2.10.0.xml.original" origin-is-local="false" origin-location="https://repository.liferay.com/nexus/content/repositories/public/xerces/xercesImpl/2.10.0/xercesImpl-2.10.0.pom"/>
				<caller organisation="com.liferay" name="com.liferay.sdk" conf="default" rev="2.10.0" rev-constraint-default="2.10.0" rev-constraint-dynamic="2.10.0" callerrev="working@k1714p2"/>
				<artifacts>
					<artifact name="xercesImpl" type="jar" ext="jar" status="successful" details="" size="1363159" time="2124" location="/media/k1714p2/d/Liferay 6/liferay-plugins-sdk-6.2/.ivy/cache/xerces/xercesImpl/jars/xercesImpl-2.10.0.jar">
						<origin-location is-local="false" location="https://repository.liferay.com/nexus/content/repositories/public/xerces/xercesImpl/2.10.0/xercesImpl-2.10.0.jar"/>
					</artifact>
				</artifacts>
			</revision>
		</module>
		<module organisation="xml-apis" name="xml-apis">
			<revision name="1.4.01" status="release" pubdate="20110820091111" resolver="liferay-public" artresolver="default" homepage="http://xml.apache.org/commons/components/external/" downloaded="true" searched="true" default="false" conf="default, compile, master(*), runtime, compile(*), runtime(*), master" position="25">
				<license name="The Apache Software License, Version 2.0" url="http://www.apache.org/licenses/LICENSE-2.0.txt"/>
				<license name="The SAX License" url="http://www.saxproject.org/copying.html"/>
				<license name="The W3C License" url="http://www.w3.org/TR/2004/REC-DOM-Level-3-Core-20040407/java-binding.zip"/>
				<metadata-artifact status="successful" details="" size="2661" time="3875" location="/media/k1714p2/d/Liferay 6/liferay-plugins-sdk-6.2/.ivy/cache/xml-apis/xml-apis/ivy-1.4.01.xml" searched="true" original-local-location="/media/k1714p2/d/Liferay 6/liferay-plugins-sdk-6.2/.ivy/cache/xml-apis/xml-apis/ivy-1.4.01.xml.original" origin-is-local="false" origin-location="https://repository.liferay.com/nexus/content/repositories/public/xml-apis/xml-apis/1.4.01/xml-apis-1.4.01.pom"/>
				<caller organisation="com.liferay" name="com.liferay.sdk" conf="default" rev="1.4.01" rev-constraint-default="1.4.01" rev-constraint-dynamic="1.4.01" callerrev="working@k1714p2"/>
				<caller organisation="xerces" name="xercesImpl" conf="default, compile, runtime, master" rev="1.4.01" rev-constraint-default="1.4.01" rev-constraint-dynamic="1.4.01" callerrev="2.10.0"/>
				<caller organisation="xalan" name="serializer" conf="default, compile, runtime, master" rev="1.3.04" rev-constraint-default="1.3.04" rev-constraint-dynamic="1.3.04" callerrev="2.7.1"/>
				<artifacts>
					<artifact name="xml-apis" type="jar" ext="jar" status="successful" details="" size="220536" time="1996" location="/media/k1714p2/d/Liferay 6/liferay-plugins-sdk-6.2/.ivy/cache/xml-apis/xml-apis/jars/xml-apis-1.4.01.jar">
						<origin-location is-local="false" location="https://repository.liferay.com/nexus/content/repositories/public/xml-apis/xml-apis/1.4.01/xml-apis-1.4.01.jar"/>
					</artifact>
				</artifacts>
			</revision>
			<revision name="1.3.04" evicted="latest-revision" evicted-reason="" downloaded="false" searched="false" conf="master(*), compile(*), runtime(*)" position="-1">
				<evicted-by rev="1.4.01"/>
				<caller organisation="xalan" name="serializer" conf="default, compile, runtime, master" rev="1.3.04" rev-constraint-default="1.3.04" rev-constraint-dynamic="1.3.04" callerrev="2.7.1"/>
				<artifacts>
				</artifacts>
			</revision>
		</module>
		<module organisation="xalan" name="xalan">
			<revision name="2.7.1" status="release" pubdate="20080930170254" resolver="liferay-public" artresolver="default" homepage="http://xml.apache.org/xalan-j/" downloaded="true" searched="true" default="false" conf="default, compile, runtime, master" position="23">
				<metadata-artifact status="successful" details="" size="1277" time="2386" location="/media/k1714p2/d/Liferay 6/liferay-plugins-sdk-6.2/.ivy/cache/xalan/xalan/ivy-2.7.1.xml" searched="true" original-local-location="/media/k1714p2/d/Liferay 6/liferay-plugins-sdk-6.2/.ivy/cache/xalan/xalan/ivy-2.7.1.xml.original" origin-is-local="false" origin-location="https://repository.liferay.com/nexus/content/repositories/public/xalan/xalan/2.7.1/xalan-2.7.1.pom"/>
				<caller organisation="com.liferay" name="com.liferay.sdk" conf="default" rev="2.7.1" rev-constraint-default="2.7.1" rev-constraint-dynamic="2.7.1" callerrev="working@k1714p2"/>
				<artifacts>
					<artifact name="xalan" type="jar" ext="jar" status="successful" details="" size="3176148" time="1371" location="/media/k1714p2/d/Liferay 6/liferay-plugins-sdk-6.2/.ivy/cache/xalan/xalan/jars/xalan-2.7.1.jar">
						<origin-location is-local="false" location="https://repository.liferay.com/nexus/content/repositories/public/xalan/xalan/2.7.1/xalan-2.7.1.jar"/>
					</artifact>
				</artifacts>
			</revision>
		</module>
		<module organisation="xalan" name="serializer">
			<revision name="2.7.1" status="release" pubdate="20080930170254" resolver="liferay-public" artresolver="default" homepage="http://xml.apache.org/xalan-j/" downloaded="true" searched="true" default="false" conf="default, compile, master(*), compile(*), runtime, runtime(*), master" position="22">
				<metadata-artifact status="successful" details="" size="1093" time="1459" location="/media/k1714p2/d/Liferay 6/liferay-plugins-sdk-6.2/.ivy/cache/xalan/serializer/ivy-2.7.1.xml" searched="true" original-local-location="/media/k1714p2/d/Liferay 6/liferay-plugins-sdk-6.2/.ivy/cache/xalan/serializer/ivy-2.7.1.xml.original" origin-is-local="false" origin-location="https://repository.liferay.com/nexus/content/repositories/public/xalan/serializer/2.7.1/serializer-2.7.1.pom"/>
				<caller organisation="xalan" name="xalan" conf="default, compile, runtime, master" rev="2.7.1" rev-constraint-default="2.7.1" rev-constraint-dynamic="2.7.1" callerrev="2.7.1"/>
				<caller organisation="com.liferay" name="com.liferay.sdk" conf="default" rev="2.7.1" rev-constraint-default="2.7.1" rev-constraint-dynamic="2.7.1" callerrev="working@k1714p2"/>
				<artifacts>
					<artifact name="serializer" type="jar" ext="jar" status="successful" details="" size="278281" time="1188" location="/media/k1714p2/d/Liferay 6/liferay-plugins-sdk-6.2/.ivy/cache/xalan/serializer/jars/serializer-2.7.1.jar">
						<origin-location is-local="false" location="https://repository.liferay.com/nexus/content/repositories/public/xalan/serializer/2.7.1/serializer-2.7.1.jar"/>
					</artifact>
				</artifacts>
			</revision>
		</module>
		<module organisation="com.thoughtworks.qdox" name="qdox">
			<revision name="1.12.1" status="release" pubdate="20121105021339" resolver="liferay-public" artresolver="default" homepage="http://qdox.codehaus.org" downloaded="true" searched="true" default="false" conf="default, compile, runtime, master" position="21">
				<license name="The Apache Software License, Version 2.0" url="http://www.apache.org/licenses/LICENSE-2.0.txt"/>
				<metadata-artifact status="successful" details="" size="17598" time="2873" location="/media/k1714p2/d/Liferay 6/liferay-plugins-sdk-6.2/.ivy/cache/com.thoughtworks.qdox/qdox/ivy-1.12.1.xml" searched="true" original-local-location="/media/k1714p2/d/Liferay 6/liferay-plugins-sdk-6.2/.ivy/cache/com.thoughtworks.qdox/qdox/ivy-1.12.1.xml.original" origin-is-local="false" origin-location="https://repository.liferay.com/nexus/content/repositories/public/com/thoughtworks/qdox/qdox/1.12.1/qdox-1.12.1.pom"/>
				<caller organisation="com.liferay" name="com.liferay.sdk" conf="default" rev="1.12.1" rev-constraint-default="1.12.1" rev-constraint-dynamic="1.12.1" callerrev="working@k1714p2"/>
				<artifacts>
					<artifact name="qdox" type="jar" ext="jar" status="successful" details="" size="179818" time="1293" location="/media/k1714p2/d/Liferay 6/liferay-plugins-sdk-6.2/.ivy/cache/com.thoughtworks.qdox/qdox/jars/qdox-1.12.1.jar">
						<origin-location is-local="false" location="https://repository.liferay.com/nexus/content/repositories/public/com/thoughtworks/qdox/qdox/1.12.1/qdox-1.12.1.jar"/>
					</artifact>
				</artifacts>
			</revision>
		</module>
		<module organisation="org.osgi" name="org.osgi.core">
			<revision name="5.0.0" status="release" pubdate="20120614203413" resolver="liferay-public" artresolver="default" homepage="
    http://www.osgi.org
  " downloaded="true" searched="true" default="false" conf="default, compile, runtime, master" position="20">
				<license name="
        Apache License, Version 2.0
      " url="
        http://opensource.org/licenses/apache2.0.php
      "/>
				<metadata-artifact status="successful" details="" size="1413" time="3067" location="/media/k1714p2/d/Liferay 6/liferay-plugins-sdk-6.2/.ivy/cache/org.osgi/org.osgi.core/ivy-5.0.0.xml" searched="true" original-local-location="/media/k1714p2/d/Liferay 6/liferay-plugins-sdk-6.2/.ivy/cache/org.osgi/org.osgi.core/ivy-5.0.0.xml.original" origin-is-local="false" origin-location="https://repository.liferay.com/nexus/content/repositories/public/org/osgi/org.osgi.core/5.0.0/org.osgi.core-5.0.0.pom"/>
				<caller organisation="com.liferay" name="com.liferay.sdk" conf="default" rev="5.0.0" rev-constraint-default="5.0.0" rev-constraint-dynamic="5.0.0" callerrev="working@k1714p2"/>
				<artifacts>
					<artifact name="org.osgi.core" type="jar" ext="jar" status="successful" details="" size="430350" time="1301" location="/media/k1714p2/d/Liferay 6/liferay-plugins-sdk-6.2/.ivy/cache/org.osgi/org.osgi.core/jars/org.osgi.core-5.0.0.jar">
						<origin-location is-local="false" location="https://repository.liferay.com/nexus/content/repositories/public/org/osgi/org.osgi.core/5.0.0/org.osgi.core-5.0.0.jar"/>
					</artifact>
				</artifacts>
			</revision>
		</module>
		<module organisation="org.osgi" name="org.osgi.compendium">
			<revision name="5.0.0" status="release" pubdate="20130925051221" resolver="liferay-public" artresolver="default" homepage="
    http://www.osgi.org
  " downloaded="true" searched="true" default="false" conf="default, compile, runtime, master" position="19">
				<license name="
        Apache License, Version 2.0
      " url="
        http://opensource.org/licenses/apache2.0.php
      "/>
				<metadata-artifact status="successful" details="" size="1391" time="9315" location="/media/k1714p2/d/Liferay 6/liferay-plugins-sdk-6.2/.ivy/cache/org.osgi/org.osgi.compendium/ivy-5.0.0.xml" searched="true" original-local-location="/media/k1714p2/d/Liferay 6/liferay-plugins-sdk-6.2/.ivy/cache/org.osgi/org.osgi.compendium/ivy-5.0.0.xml.original" origin-is-local="false" origin-location="https://repository.liferay.com/nexus/content/repositories/public/org/osgi/org.osgi.compendium/5.0.0/org.osgi.compendium-5.0.0.pom"/>
				<caller organisation="com.liferay" name="com.liferay.sdk" conf="default" rev="5.0.0" rev-constraint-default="5.0.0" rev-constraint-dynamic="5.0.0" callerrev="working@k1714p2"/>
				<artifacts>
					<artifact name="org.osgi.compendium" type="jar" ext="jar" status="successful" details="" size="771157" time="1801" location="/media/k1714p2/d/Liferay 6/liferay-plugins-sdk-6.2/.ivy/cache/org.osgi/org.osgi.compendium/jars/org.osgi.compendium-5.0.0.jar">
						<origin-location is-local="false" location="https://repository.liferay.com/nexus/content/repositories/public/org/osgi/org.osgi.compendium/5.0.0/org.osgi.compendium-5.0.0.jar"/>
					</artifact>
				</artifacts>
			</revision>
		</module>
		<module organisation="com.liferay" name="net.sf.jargs">
			<revision name="1.0" status="release" pubdate="20140520092551" resolver="liferay-public" artresolver="default" homepage="" downloaded="true" searched="true" default="false" conf="default, compile, runtime, master" position="18">
				<metadata-artifact status="successful" details="" size="457" time="2345" location="/media/k1714p2/d/Liferay 6/liferay-plugins-sdk-6.2/.ivy/cache/com.liferay/net.sf.jargs/ivy-1.0.xml" searched="true" original-local-location="/media/k1714p2/d/Liferay 6/liferay-plugins-sdk-6.2/.ivy/cache/com.liferay/net.sf.jargs/ivy-1.0.xml.original" origin-is-local="false" origin-location="https://repository.liferay.com/nexus/content/repositories/public/com/liferay/net.sf.jargs/1.0/net.sf.jargs-1.0.pom"/>
				<caller organisation="com.liferay" name="com.liferay.sdk" conf="default" rev="1.0" rev-constraint-default="1.0" rev-constraint-dynamic="1.0" callerrev="working@k1714p2"/>
				<artifacts>
					<artifact name="net.sf.jargs" type="jar" ext="jar" status="successful" details="" size="11406" time="2019" location="/media/k1714p2/d/Liferay 6/liferay-plugins-sdk-6.2/.ivy/cache/com.liferay/net.sf.jargs/jars/net.sf.jargs-1.0.jar">
						<origin-location is-local="false" location="https://repository.liferay.com/nexus/content/repositories/public/com/liferay/net.sf.jargs/1.0/net.sf.jargs-1.0.jar"/>
					</artifact>
				</artifacts>
			</revision>
		</module>
		<module organisation="javax.mail" name="mail">
			<revision name="1.4" status="release" pubdate="20060503085606" resolver="liferay-public" artresolver="default" homepage="https://glassfish.dev.java.net/javaee5/mail/" downloaded="true" searched="true" default="false" conf="default, compile, runtime, master" position="17">
				<license name="Common Development and Distribution License (CDDL) v1.0" url="https://glassfish.dev.java.net/public/CDDLv1.0.html"/>
				<metadata-artifact status="successful" details="" size="993" time="2847" location="/media/k1714p2/d/Liferay 6/liferay-plugins-sdk-6.2/.ivy/cache/javax.mail/mail/ivy-1.4.xml" searched="true" original-local-location="/media/k1714p2/d/Liferay 6/liferay-plugins-sdk-6.2/.ivy/cache/javax.mail/mail/ivy-1.4.xml.original" origin-is-local="false" origin-location="https://repository.liferay.com/nexus/content/repositories/public/javax/mail/mail/1.4/mail-1.4.pom"/>
				<caller organisation="com.liferay" name="com.liferay.sdk" conf="default" rev="1.4" rev-constraint-default="1.4" rev-constraint-dynamic="1.4" callerrev="working@k1714p2"/>
				<artifacts>
					<artifact name="mail" type="jar" ext="jar" status="successful" details="" size="388864" time="1440" location="/media/k1714p2/d/Liferay 6/liferay-plugins-sdk-6.2/.ivy/cache/javax.mail/mail/jars/mail-1.4.jar">
						<origin-location is-local="false" location="https://repository.liferay.com/nexus/content/repositories/public/javax/mail/mail/1.4/mail-1.4.jar"/>
					</artifact>
				</artifacts>
			</revision>
		</module>
		<module organisation="log4j" name="log4j">
			<revision name="1.2.16" status="release" pubdate="20100331132544" resolver="liferay-public" artresolver="default" homepage="http://logging.apache.org/log4j/1.2/" downloaded="true" searched="true" default="false" conf="default, compile, runtime, master, master(*), compile(*), runtime(*)" position="16">
				<license name="The Apache Software License, Version 2.0" url="http://www.apache.org/licenses/LICENSE-2.0.txt"/>
				<metadata-artifact status="successful" details="" size="20340" time="2136" location="/media/k1714p2/d/Liferay 6/liferay-plugins-sdk-6.2/.ivy/cache/log4j/log4j/ivy-1.2.16.xml" searched="true" original-local-location="/media/k1714p2/d/Liferay 6/liferay-plugins-sdk-6.2/.ivy/cache/log4j/log4j/ivy-1.2.16.xml.original" origin-is-local="false" origin-location="https://repository.liferay.com/nexus/content/repositories/public/log4j/log4j/1.2.16/log4j-1.2.16.pom"/>
				<caller organisation="com.liferay" name="com.liferay.sdk" conf="default" rev="1.2.16" rev-constraint-default="1.2.16" rev-constraint-dynamic="1.2.16" callerrev="working@k1714p2"/>
				<caller organisation="jalopy" name="jalopy" conf="default, compile, runtime, master" rev="1.2.8" rev-constraint-default="1.2.8" rev-constraint-dynamic="1.2.8" callerrev="1.5rc3"/>
				<artifacts>
					<artifact name="log4j" type="bundle" ext="jar" status="successful" details="" size="481535" time="1865" location="/media/k1714p2/d/Liferay 6/liferay-plugins-sdk-6.2/.ivy/cache/log4j/log4j/bundles/log4j-1.2.16.jar">
						<origin-location is-local="false" location="https://repository.liferay.com/nexus/content/repositories/public/log4j/log4j/1.2.16/log4j-1.2.16.jar"/>
					</artifact>
				</artifacts>
			</revision>
			<revision name="1.2.8" evicted="latest-revision" evicted-reason="" downloaded="false" searched="false" conf="master(*), compile(*), runtime(*)" position="-1">
				<evicted-by rev="1.2.16"/>
				<caller organisation="jalopy" name="jalopy" conf="default, compile, runtime, master" rev="1.2.8" rev-constraint-default="1.2.8" rev-constraint-dynamic="1.2.8" callerrev="1.5rc3"/>
				<artifacts>
				</artifacts>
			</revision>
		</module>
		<module organisation="javax.servlet.jsp" name="jsp-api">
			<revision name="2.1" status="release" pubdate="20060717200956" resolver="liferay-public" artresolver="default" homepage="" downloaded="true" searched="true" default="false" conf="default, compile, runtime, master" position="15">
				<metadata-artifact status="successful" details="" size="157" time="3074" location="/media/k1714p2/d/Liferay 6/liferay-plugins-sdk-6.2/.ivy/cache/javax.servlet.jsp/jsp-api/ivy-2.1.xml" searched="true" original-local-location="/media/k1714p2/d/Liferay 6/liferay-plugins-sdk-6.2/.ivy/cache/javax.servlet.jsp/jsp-api/ivy-2.1.xml.original" origin-is-local="false" origin-location="https://repository.liferay.com/nexus/content/repositories/public/javax/servlet/jsp/jsp-api/2.1/jsp-api-2.1.pom"/>
				<caller organisation="com.liferay" name="com.liferay.sdk" conf="default" rev="2.1" rev-constraint-default="2.1" rev-constraint-dynamic="2.1" callerrev="working@k1714p2"/>
				<artifacts>
					<artifact name="jsp-api" type="jar" ext="jar" status="successful" details="" size="100636" time="1871" location="/media/k1714p2/d/Liferay 6/liferay-plugins-sdk-6.2/.ivy/cache/javax.servlet.jsp/jsp-api/jars/jsp-api-2.1.jar">
						<origin-location is-local="false" location="https://repository.liferay.com/nexus/content/repositories/public/javax/servlet/jsp/jsp-api/2.1/jsp-api-2.1.jar"/>
					</artifact>
				</artifacts>
			</revision>
		</module>
		<module organisation="javax.servlet" name="javax.servlet-api">
			<revision name="3.0.1" status="release" pubdate="20110713044053" resolver="liferay-public" artresolver="default" homepage="http://servlet-spec.java.net" downloaded="true" searched="true" default="false" conf="default, compile, runtime, master" position="14">
				<license name="CDDL + GPLv2 with classpath exception" url="https://glassfish.dev.java.net/nonav/public/CDDL+GPL.html"/>
				<metadata-artifact status="successful" details="" size="12633" time="2418" location="/media/k1714p2/d/Liferay 6/liferay-plugins-sdk-6.2/.ivy/cache/javax.servlet/javax.servlet-api/ivy-3.0.1.xml" searched="true" original-local-location="/media/k1714p2/d/Liferay 6/liferay-plugins-sdk-6.2/.ivy/cache/javax.servlet/javax.servlet-api/ivy-3.0.1.xml.original" origin-is-local="false" origin-location="https://repository.liferay.com/nexus/content/repositories/public/javax/servlet/javax.servlet-api/3.0.1/javax.servlet-api-3.0.1.pom"/>
				<caller organisation="com.liferay" name="com.liferay.sdk" conf="default" rev="3.0.1" rev-constraint-default="3.0.1" rev-constraint-dynamic="3.0.1" callerrev="working@k1714p2"/>
				<artifacts>
					<artifact name="javax.servlet-api" type="jar" ext="jar" status="successful" details="" size="85353" time="1238" location="/media/k1714p2/d/Liferay 6/liferay-plugins-sdk-6.2/.ivy/cache/javax.servlet/javax.servlet-api/jars/javax.servlet-api-3.0.1.jar">
						<origin-location is-local="false" location="https://repository.liferay.com/nexus/content/repositories/public/javax/servlet/javax.servlet-api/3.0.1/javax.servlet-api-3.0.1.jar"/>
					</artifact>
				</artifacts>
			</revision>
		</module>
		<module organisation="jalopy" name="jalopy">
			<revision name="1.5rc3" status="release" pubdate="20060703202335" resolver="liferay-public" artresolver="default" homepage="http://jalopy.sf.net" downloaded="true" searched="true" default="false" conf="default, compile, runtime, master" position="13">
				<license name="BSD license" url="http://www.opensource.org/licenses/bsd-license.php"/>
				<metadata-artifact status="successful" details="" size="828" time="1383" location="/media/k1714p2/d/Liferay 6/liferay-plugins-sdk-6.2/.ivy/cache/jalopy/jalopy/ivy-1.5rc3.xml" searched="true" original-local-location="/media/k1714p2/d/Liferay 6/liferay-plugins-sdk-6.2/.ivy/cache/jalopy/jalopy/ivy-1.5rc3.xml.original" origin-is-local="false" origin-location="https://repository.liferay.com/nexus/content/repositories/public/jalopy/jalopy/1.5rc3/jalopy-1.5rc3.pom"/>
				<caller organisation="com.liferay" name="com.liferay.sdk" conf="default" rev="1.5rc3" rev-constraint-default="1.5rc3" rev-constraint-dynamic="1.5rc3" callerrev="working@k1714p2"/>
				<artifacts>
					<artifact name="jalopy" type="jar" ext="jar" status="successful" details="" size="1335669" time="1214" location="/media/k1714p2/d/Liferay 6/liferay-plugins-sdk-6.2/.ivy/cache/jalopy/jalopy/jars/jalopy-1.5rc3.jar">
						<origin-location is-local="false" location="https://repository.liferay.com/nexus/content/repositories/public/jalopy/jalopy/1.5rc3/jalopy-1.5rc3.jar"/>
					</artifact>
				</artifacts>
			</revision>
		</module>
		<module organisation="com.google.errorprone" name="error_prone_ant">
			<revision name="1.0.8" status="release" pubdate="20131121114455" resolver="liferay-public" artresolver="default" homepage="" downloaded="true" searched="true" default="false" conf="default, compile, runtime, master" position="12">
				<metadata-artifact status="successful" details="" size="1427" time="2666" location="/media/k1714p2/d/Liferay 6/liferay-plugins-sdk-6.2/.ivy/cache/com.google.errorprone/error_prone_ant/ivy-1.0.8.xml" searched="true" original-local-location="/media/k1714p2/d/Liferay 6/liferay-plugins-sdk-6.2/.ivy/cache/com.google.errorprone/error_prone_ant/ivy-1.0.8.xml.original" origin-is-local="false" origin-location="https://repository.liferay.com/nexus/content/repositories/public/com/google/errorprone/error_prone_ant/1.0.8/error_prone_ant-1.0.8.pom"/>
				<caller organisation="com.liferay" name="com.liferay.sdk" conf="default" rev="1.0.8" rev-constraint-default="1.0.8" rev-constraint-dynamic="1.0.8" callerrev="working@k1714p2"/>
				<artifacts>
					<artifact name="error_prone_ant" type="jar" ext="jar" status="successful" details="" size="357699" time="2567" location="/media/k1714p2/d/Liferay 6/liferay-plugins-sdk-6.2/.ivy/cache/com.google.errorprone/error_prone_ant/jars/error_prone_ant-1.0.8.jar">
						<origin-location is-local="false" location="https://repository.liferay.com/nexus/content/repositories/public/com/google/errorprone/error_prone_ant/1.0.8/error_prone_ant-1.0.8.jar"/>
					</artifact>
				</artifacts>
			</revision>
		</module>
		<module organisation="org.eclipse.jdt.core.compiler" name="ecj">
			<revision name="3.7.2" status="release" pubdate="20120422012539" resolver="liferay-public" artresolver="default" homepage="http://www.eclipse.org/jdt/" downloaded="true" searched="true" default="false" conf="default, compile, runtime, master" position="11">
				<license name="Eclipse Public License v1.0" url="http://www.eclipse.org/org/documents/epl-v10.php"/>
				<metadata-artifact status="successful" details="" size="1573" time="3676" location="/media/k1714p2/d/Liferay 6/liferay-plugins-sdk-6.2/.ivy/cache/org.eclipse.jdt.core.compiler/ecj/ivy-3.7.2.xml" searched="true" original-local-location="/media/k1714p2/d/Liferay 6/liferay-plugins-sdk-6.2/.ivy/cache/org.eclipse.jdt.core.compiler/ecj/ivy-3.7.2.xml.original" origin-is-local="false" origin-location="https://repository.liferay.com/nexus/content/repositories/public/org/eclipse/jdt/core/compiler/ecj/3.7.2/ecj-3.7.2.pom"/>
				<caller organisation="com.liferay" name="com.liferay.sdk" conf="default" rev="3.7.2" rev-constraint-default="3.7.2" rev-constraint-dynamic="3.7.2" callerrev="working@k1714p2"/>
				<artifacts>
					<artifact name="ecj" type="jar" ext="jar" status="successful" details="" size="1749449" time="2805" location="/media/k1714p2/d/Liferay 6/liferay-plugins-sdk-6.2/.ivy/cache/org.eclipse.jdt.core.compiler/ecj/jars/ecj-3.7.2.jar">
						<origin-location is-local="false" location="https://repository.liferay.com/nexus/content/repositories/public/org/eclipse/jdt/core/compiler/ecj/3.7.2/ecj-3.7.2.jar"/>
					</artifact>
				</artifacts>
			</revision>
		</module>
		<module organisation="commons-logging" name="commons-logging">
			<revision name="1.1.1" status="release" pubdate="20071127052410" resolver="liferay-public" artresolver="default" homepage="http://commons.apache.org/logging" downloaded="true" searched="true" default="false" conf="default, compile, runtime, master, master(*), compile(*), runtime(*)" position="10">
				<metadata-artifact status="successful" details="" size="18365" time="1923" location="/media/k1714p2/d/Liferay 6/liferay-plugins-sdk-6.2/.ivy/cache/commons-logging/commons-logging/ivy-1.1.1.xml" searched="true" original-local-location="/media/k1714p2/d/Liferay 6/liferay-plugins-sdk-6.2/.ivy/cache/commons-logging/commons-logging/ivy-1.1.1.xml.original" origin-is-local="false" origin-location="https://repository.liferay.com/nexus/content/repositories/public/commons-logging/commons-logging/1.1.1/commons-logging-1.1.1.pom"/>
				<caller organisation="com.liferay" name="com.liferay.sdk" conf="default" rev="1.1.1" rev-constraint-default="1.1.1" rev-constraint-dynamic="1.1.1" callerrev="working@k1714p2"/>
				<caller organisation="bsf" name="bsf" conf="default, compile, runtime, master" rev="1.0.4" rev-constraint-default="1.0.4" rev-constraint-dynamic="1.0.4" callerrev="2.4.0"/>
				<artifacts>
					<artifact name="commons-logging" type="jar" ext="jar" status="successful" details="" size="60686" time="2600" location="/media/k1714p2/d/Liferay 6/liferay-plugins-sdk-6.2/.ivy/cache/commons-logging/commons-logging/jars/commons-logging-1.1.1.jar">
						<origin-location is-local="false" location="https://repository.liferay.com/nexus/content/repositories/public/commons-logging/commons-logging/1.1.1/commons-logging-1.1.1.jar"/>
					</artifact>
				</artifacts>
			</revision>
			<revision name="1.0.4" evicted="latest-revision" evicted-reason="" downloaded="false" searched="false" conf="master(*), compile(*), runtime(*)" position="-1">
				<evicted-by rev="1.1.1"/>
				<caller organisation="bsf" name="bsf" conf="default, compile, runtime, master" rev="1.0.4" rev-constraint-default="1.0.4" rev-constraint-dynamic="1.0.4" callerrev="2.4.0"/>
				<artifacts>
				</artifacts>
			</revision>
		</module>
		<module organisation="javax.ccpp" name="ccpp">
			<revision name="1.0" status="release" pubdate="20070911061112" resolver="liferay-public" artresolver="default" homepage="http://www.jcp.org/en/jsr/detail?id=188" downloaded="true" searched="true" default="false" conf="default, compile, runtime, master" position="9">
				<license name="Sun Microsystems, Inc. Binary Code License Agreement" url="http://java.sun.com/j2ee/ccpp"/>
				<metadata-artifact status="successful" details="" size="884" time="2878" location="/media/k1714p2/d/Liferay 6/liferay-plugins-sdk-6.2/.ivy/cache/javax.ccpp/ccpp/ivy-1.0.xml" searched="true" original-local-location="/media/k1714p2/d/Liferay 6/liferay-plugins-sdk-6.2/.ivy/cache/javax.ccpp/ccpp/ivy-1.0.xml.original" origin-is-local="false" origin-location="https://repository.liferay.com/nexus/content/repositories/public/javax/ccpp/ccpp/1.0/ccpp-1.0.pom"/>
				<caller organisation="com.liferay" name="com.liferay.sdk" conf="default" rev="1.0" rev-constraint-default="1.0" rev-constraint-dynamic="1.0" callerrev="working@k1714p2"/>
				<artifacts>
					<artifact name="ccpp" type="jar" ext="jar" status="successful" details="" size="15048" time="1309" location="/media/k1714p2/d/Liferay 6/liferay-plugins-sdk-6.2/.ivy/cache/javax.ccpp/ccpp/jars/ccpp-1.0.jar">
						<origin-location is-local="false" location="https://repository.liferay.com/nexus/content/repositories/public/javax/ccpp/ccpp/1.0/ccpp-1.0.jar"/>
					</artifact>
				</artifacts>
			</revision>
		</module>
		<module organisation="org.beanshell" name="bsh">
			<revision name="2.0b4" status="release" pubdate="20060526101005" resolver="liferay-public" artresolver="default" homepage="" downloaded="true" searched="true" default="false" conf="default, compile, runtime, master" position="8">
				<metadata-artifact status="successful" details="" size="1195" time="1614" location="/media/k1714p2/d/Liferay 6/liferay-plugins-sdk-6.2/.ivy/cache/org.beanshell/bsh/ivy-2.0b4.xml" searched="true" original-local-location="/media/k1714p2/d/Liferay 6/liferay-plugins-sdk-6.2/.ivy/cache/org.beanshell/bsh/ivy-2.0b4.xml.original" origin-is-local="false" origin-location="https://repository.liferay.com/nexus/content/repositories/public/org/beanshell/bsh/2.0b4/bsh-2.0b4.pom"/>
				<caller organisation="com.liferay" name="com.liferay.sdk" conf="default" rev="2.0b4" rev-constraint-default="2.0b4" rev-constraint-dynamic="2.0b4" callerrev="working@k1714p2"/>
				<artifacts>
					<artifact name="bsh" type="jar" ext="jar" status="successful" details="" size="281694" time="4126" location="/media/k1714p2/d/Liferay 6/liferay-plugins-sdk-6.2/.ivy/cache/org.beanshell/bsh/jars/bsh-2.0b4.jar">
						<origin-location is-local="false" location="https://repository.liferay.com/nexus/content/repositories/public/org/beanshell/bsh/2.0b4/bsh-2.0b4.jar"/>
					</artifact>
				</artifacts>
			</revision>
		</module>
		<module organisation="org.bouncycastle" name="bcpg-jdk16">
			<revision name="1.46" status="release" pubdate="20110223131039" resolver="liferay-public" artresolver="default" homepage="http://www.bouncycastle.org/java.html" downloaded="true" searched="true" default="false" conf="default, compile, runtime, master" position="6">
				<license name="Bouncy Castle Licence" url="http://www.bouncycastle.org/licence.html"/>
				<license name="Apache Software License, Version 1.1" url="http://www.apache.org/licenses/LICENSE-1.1"/>
				<metadata-artifact status="successful" details="" size="1259" time="3675" location="/media/k1714p2/d/Liferay 6/liferay-plugins-sdk-6.2/.ivy/cache/org.bouncycastle/bcpg-jdk16/ivy-1.46.xml" searched="true" original-local-location="/media/k1714p2/d/Liferay 6/liferay-plugins-sdk-6.2/.ivy/cache/org.bouncycastle/bcpg-jdk16/ivy-1.46.xml.original" origin-is-local="false" origin-location="https://repository.liferay.com/nexus/content/repositories/public/org/bouncycastle/bcpg-jdk16/1.46/bcpg-jdk16-1.46.pom"/>
				<caller organisation="com.liferay" name="com.liferay.sdk" conf="default" rev="1.46" rev-constraint-default="1.46" rev-constraint-dynamic="1.46" callerrev="working@k1714p2"/>
				<artifacts>
					<artifact name="bcpg-jdk16" type="jar" ext="jar" status="successful" details="" size="174074" time="2115" location="/media/k1714p2/d/Liferay 6/liferay-plugins-sdk-6.2/.ivy/cache/org.bouncycastle/bcpg-jdk16/jars/bcpg-jdk16-1.46.jar">
						<origin-location is-local="false" location="https://repository.liferay.com/nexus/content/repositories/public/org/bouncycastle/bcpg-jdk16/1.46/bcpg-jdk16-1.46.jar"/>
					</artifact>
				</artifacts>
			</revision>
		</module>
		<module organisation="org.bouncycastle" name="bcprov-jdk16">
			<revision name="1.46" status="release" pubdate="20110223130414" resolver="liferay-public" artresolver="default" homepage="http://www.bouncycastle.org/java.html" downloaded="true" searched="true" default="false" conf="default, compile, master(*), runtime, compile(*), runtime(*), master" position="7">
				<license name="Bouncy Castle Licence" url="http://www.bouncycastle.org/licence.html"/>
				<metadata-artifact status="successful" details="" size="819" time="1446" location="/media/k1714p2/d/Liferay 6/liferay-plugins-sdk-6.2/.ivy/cache/org.bouncycastle/bcprov-jdk16/ivy-1.46.xml" searched="true" original-local-location="/media/k1714p2/d/Liferay 6/liferay-plugins-sdk-6.2/.ivy/cache/org.bouncycastle/bcprov-jdk16/ivy-1.46.xml.original" origin-is-local="false" origin-location="https://repository.liferay.com/nexus/content/repositories/public/org/bouncycastle/bcprov-jdk16/1.46/bcprov-jdk16-1.46.pom"/>
				<caller organisation="org.bouncycastle" name="bcpg-jdk16" conf="default, compile, runtime, master" rev="1.46" rev-constraint-default="1.46" rev-constraint-dynamic="1.46" callerrev="1.46"/>
				<caller organisation="com.liferay" name="com.liferay.sdk" conf="default" rev="1.46" rev-constraint-default="1.46" rev-constraint-dynamic="1.46" callerrev="working@k1714p2"/>
				<artifacts>
					<artifact name="bcprov-jdk16" type="jar" ext="jar" status="successful" details="" size="1876535" time="2418" location="/media/k1714p2/d/Liferay 6/liferay-plugins-sdk-6.2/.ivy/cache/org.bouncycastle/bcprov-jdk16/jars/bcprov-jdk16-1.46.jar">
						<origin-location is-local="false" location="https://repository.liferay.com/nexus/content/repositories/public/org/bouncycastle/bcprov-jdk16/1.46/bcprov-jdk16-1.46.jar"/>
					</artifact>
				</artifacts>
			</revision>
		</module>
		<module organisation="org.tigris.antelope" name="antelopetasks">
			<revision name="3.2.10" status="release" pubdate="20060126110341" resolver="liferay-public" artresolver="default" homepage="" downloaded="true" searched="true" default="false" conf="default, compile, runtime, master" position="5">
				<metadata-artifact status="successful" details="" size="167" time="2869" location="/media/k1714p2/d/Liferay 6/liferay-plugins-sdk-6.2/.ivy/cache/org.tigris.antelope/antelopetasks/ivy-3.2.10.xml" searched="true" original-local-location="/media/k1714p2/d/Liferay 6/liferay-plugins-sdk-6.2/.ivy/cache/org.tigris.antelope/antelopetasks/ivy-3.2.10.xml.original" origin-is-local="false" origin-location="https://repository.liferay.com/nexus/content/repositories/public/org/tigris/antelope/antelopetasks/3.2.10/antelopetasks-3.2.10.pom"/>
				<caller organisation="com.liferay" name="com.liferay.sdk" conf="default" rev="3.2.10" rev-constraint-default="3.2.10" rev-constraint-dynamic="3.2.10" callerrev="working@k1714p2"/>
				<artifacts>
					<artifact name="antelopetasks" type="jar" ext="jar" status="successful" details="" size="223711" time="4314" location="/media/k1714p2/d/Liferay 6/liferay-plugins-sdk-6.2/.ivy/cache/org.tigris.antelope/antelopetasks/jars/antelopetasks-3.2.10.jar">
						<origin-location is-local="false" location="https://repository.liferay.com/nexus/content/repositories/public/org/tigris/antelope/antelopetasks/3.2.10/antelopetasks-3.2.10.jar"/>
					</artifact>
				</artifacts>
			</revision>
		</module>
		<module organisation="org.apache.ant" name="ant-apache-bsf">
			<revision name="1.8.3" status="release" pubdate="20120226150614" resolver="liferay-public" artresolver="default" homepage="" downloaded="true" searched="true" default="false" conf="default, compile, runtime, master" position="1">
				<metadata-artifact status="successful" details="" size="3057" time="3532" location="/media/k1714p2/d/Liferay 6/liferay-plugins-sdk-6.2/.ivy/cache/org.apache.ant/ant-apache-bsf/ivy-1.8.3.xml" searched="true" original-local-location="/media/k1714p2/d/Liferay 6/liferay-plugins-sdk-6.2/.ivy/cache/org.apache.ant/ant-apache-bsf/ivy-1.8.3.xml.original" origin-is-local="false" origin-location="https://repository.liferay.com/nexus/content/repositories/public/org/apache/ant/ant-apache-bsf/1.8.3/ant-apache-bsf-1.8.3.pom"/>
				<caller organisation="com.liferay" name="com.liferay.sdk" conf="default" rev="1.8.3" rev-constraint-default="1.8.3" rev-constraint-dynamic="1.8.3" callerrev="working@k1714p2"/>
				<artifacts>
					<artifact name="ant-apache-bsf" type="jar" ext="jar" status="successful" details="" size="9737" time="2089" location="/media/k1714p2/d/Liferay 6/liferay-plugins-sdk-6.2/.ivy/cache/org.apache.ant/ant-apache-bsf/jars/ant-apache-bsf-1.8.3.jar">
						<origin-location is-local="false" location="https://repository.liferay.com/nexus/content/repositories/public/org/apache/ant/ant-apache-bsf/1.8.3/ant-apache-bsf-1.8.3.jar"/>
					</artifact>
				</artifacts>
			</revision>
		</module>
		<module organisation="bsf" name="bsf">
			<revision name="2.4.0" status="release" pubdate="20061021043351" resolver="liferay-public" artresolver="default" homepage="http://jakarta.apache.org/bsf" downloaded="true" searched="true" default="false" conf="default, compile, master(*), runtime, compile(*), runtime(*), master" position="4">
				<metadata-artifact status="successful" details="" size="1197" time="3443" location="/media/k1714p2/d/Liferay 6/liferay-plugins-sdk-6.2/.ivy/cache/bsf/bsf/ivy-2.4.0.xml" searched="true" original-local-location="/media/k1714p2/d/Liferay 6/liferay-plugins-sdk-6.2/.ivy/cache/bsf/bsf/ivy-2.4.0.xml.original" origin-is-local="false" origin-location="https://repository.liferay.com/nexus/content/repositories/public/bsf/bsf/2.4.0/bsf-2.4.0.pom"/>
				<caller organisation="com.liferay" name="com.liferay.sdk" conf="default" rev="2.4.0" rev-constraint-default="2.4.0" rev-constraint-dynamic="2.4.0" callerrev="working@k1714p2"/>
				<caller organisation="org.apache.ant" name="ant-apache-bsf" conf="default, compile, runtime, master" rev="2.4.0" rev-constraint-default="2.4.0" rev-constraint-dynamic="2.4.0" callerrev="1.8.3"/>
				<artifacts>
					<artifact name="bsf" type="jar" ext="jar" status="successful" details="" size="113369" time="2945" location="/media/k1714p2/d/Liferay 6/liferay-plugins-sdk-6.2/.ivy/cache/bsf/bsf/jars/bsf-2.4.0.jar">
						<origin-location is-local="false" location="https://repository.liferay.com/nexus/content/repositories/public/bsf/bsf/2.4.0/bsf-2.4.0.jar"/>
					</artifact>
				</artifacts>
			</revision>
		</module>
		<module organisation="org.apache.ant" name="ant">
			<revision name="1.8.3" status="release" pubdate="20120226150546" resolver="liferay-public" artresolver="default" homepage="" downloaded="true" searched="true" default="false" conf="compile, master(*), runtime, compile(*), runtime(*), master" position="2">
				<metadata-artifact status="successful" details="" size="9654" time="2294" location="/media/k1714p2/d/Liferay 6/liferay-plugins-sdk-6.2/.ivy/cache/org.apache.ant/ant/ivy-1.8.3.xml" searched="true" original-local-location="/media/k1714p2/d/Liferay 6/liferay-plugins-sdk-6.2/.ivy/cache/org.apache.ant/ant/ivy-1.8.3.xml.original" origin-is-local="false" origin-location="https://repository.liferay.com/nexus/content/repositories/public/org/apache/ant/ant/1.8.3/ant-1.8.3.pom"/>
				<caller organisation="com.google.errorprone" name="error_prone_ant" conf="default, compile, runtime, master" rev="1.8.2" rev-constraint-default="1.8.2" rev-constraint-dynamic="1.8.2" callerrev="1.0.8"/>
				<caller organisation="org.apache.ant" name="ant-apache-bsf" conf="default, compile, runtime, master" rev="1.8.3" rev-constraint-default="1.8.3" rev-constraint-dynamic="1.8.3" callerrev="1.8.3"/>
				<artifacts>
					<artifact name="ant" type="jar" ext="jar" status="successful" details="" size="1938849" time="2447" location="/media/k1714p2/d/Liferay 6/liferay-plugins-sdk-6.2/.ivy/cache/org.apache.ant/ant/jars/ant-1.8.3.jar">
						<origin-location is-local="false" location="https://repository.liferay.com/nexus/content/repositories/public/org/apache/ant/ant/1.8.3/ant-1.8.3.jar"/>
					</artifact>
				</artifacts>
			</revision>
			<revision name="1.8.2" evicted="latest-revision" evicted-reason="" downloaded="false" searched="false" conf="compile, master(*), runtime, compile(*), runtime(*), master" position="-1">
				<evicted-by rev="1.8.3"/>
				<caller organisation="com.google.errorprone" name="error_prone_ant" conf="default, compile, runtime, master" rev="1.8.2" rev-constraint-default="1.8.2" rev-constraint-dynamic="1.8.2" callerrev="1.0.8"/>
				<artifacts>
				</artifacts>
			</revision>
		</module>
		<module organisation="org.apache.ant" name="ant-launcher">
			<revision name="1.8.3" status="release" pubdate="20120226150807" resolver="liferay-public" artresolver="default" homepage="" downloaded="true" searched="true" default="false" conf="compile, master(*), runtime, compile(*), runtime(*), master" position="3">
				<metadata-artifact status="successful" details="" size="2361" time="2960" location="/media/k1714p2/d/Liferay 6/liferay-plugins-sdk-6.2/.ivy/cache/org.apache.ant/ant-launcher/ivy-1.8.3.xml" searched="true" original-local-location="/media/k1714p2/d/Liferay 6/liferay-plugins-sdk-6.2/.ivy/cache/org.apache.ant/ant-launcher/ivy-1.8.3.xml.original" origin-is-local="false" origin-location="https://repository.liferay.com/nexus/content/repositories/public/org/apache/ant/ant-launcher/1.8.3/ant-launcher-1.8.3.pom"/>
				<caller organisation="org.apache.ant" name="ant" conf="compile, runtime" rev="1.8.3" rev-constraint-default="1.8.3" rev-constraint-dynamic="1.8.3" callerrev="1.8.3"/>
				<artifacts>
					<artifact name="ant-launcher" type="jar" ext="jar" status="successful" details="" size="18432" time="1760" location="/media/k1714p2/d/Liferay 6/liferay-plugins-sdk-6.2/.ivy/cache/org.apache.ant/ant-launcher/jars/ant-launcher-1.8.3.jar">
						<origin-location is-local="false" location="https://repository.liferay.com/nexus/content/repositories/public/org/apache/ant/ant-launcher/1.8.3/ant-launcher-1.8.3.jar"/>
					</artifact>
				</artifacts>
			</revision>
		</module>
		<module organisation="javax.activation" name="activation">
			<revision name="1.1" status="release" pubdate="20060503084829" resolver="liferay-public" artresolver="default" homepage="http://java.sun.com/products/javabeans/jaf/index.jsp" downloaded="true" searched="true" default="false" conf="default, compile, master(*), compile(*), runtime, runtime(*), master" position="0">
				<license name="Common Development and Distribution License (CDDL) v1.0" url="https://glassfish.dev.java.net/public/CDDLv1.0.html"/>
				<metadata-artifact status="successful" details="" size="1058" time="2652" location="/media/k1714p2/d/Liferay 6/liferay-plugins-sdk-6.2/.ivy/cache/javax.activation/activation/ivy-1.1.xml" searched="true" original-local-location="/media/k1714p2/d/Liferay 6/liferay-plugins-sdk-6.2/.ivy/cache/javax.activation/activation/ivy-1.1.xml.original" origin-is-local="false" origin-location="https://repository.liferay.com/nexus/content/repositories/public/javax/activation/activation/1.1/activation-1.1.pom"/>
				<caller organisation="javax.mail" name="mail" conf="default, compile, runtime, master" rev="1.1" rev-constraint-default="1.1" rev-constraint-dynamic="1.1" callerrev="1.4"/>
				<caller organisation="com.liferay" name="com.liferay.sdk" conf="default" rev="1.1" rev-constraint-default="1.1" rev-constraint-dynamic="1.1" callerrev="working@k1714p2"/>
				<artifacts>
					<artifact name="activation" type="jar" ext="jar" status="successful" details="" size="62983" time="2586" location="/media/k1714p2/d/Liferay 6/liferay-plugins-sdk-6.2/.ivy/cache/javax.activation/activation/jars/activation-1.1.jar">
						<origin-location is-local="false" location="https://repository.liferay.com/nexus/content/repositories/public/javax/activation/activation/1.1/activation-1.1.jar"/>
					</artifact>
				</artifacts>
			</revision>
		</module>
	</dependencies>
</ivy-report>
