<?xml version="1.0" encoding="UTF-8"?>
<?xml-stylesheet type="text/xsl" href="ivy-report.xsl"?>
<ivy-report version="1.0">
	<info
		organisation="com.liferay"
		module="org.apache.maven.maven.ant.tasks"
		revision="working@k1714p2"
		conf="default"
		confs="default, internal, provided"
		date="20180713141928"/>
	<dependencies>
		<module organisation="org.apache.maven" name="maven-ant-tasks">
			<revision name="2.1.3" status="release" pubdate="20110413171108" resolver="liferay-public" artresolver="default" homepage="http://maven.apache.org/ant-tasks/" downloaded="true" searched="true" default="false" conf="default, compile, runtime, master" position="0">
				<metadata-artifact status="successful" details="" size="13149" time="1511" location="/media/k1714p2/d/Liferay 6/liferay-plugins-sdk-6.2/.ivy/cache/org.apache.maven/maven-ant-tasks/ivy-2.1.3.xml" searched="true" original-local-location="/media/k1714p2/d/Liferay 6/liferay-plugins-sdk-6.2/.ivy/cache/org.apache.maven/maven-ant-tasks/ivy-2.1.3.xml.original" origin-is-local="false" origin-location="https://repository.liferay.com/nexus/content/repositories/public/org/apache/maven/maven-ant-tasks/2.1.3/maven-ant-tasks-2.1.3.pom"/>
				<caller organisation="com.liferay" name="org.apache.maven.maven.ant.tasks" conf="default" rev="2.1.3" rev-constraint-default="2.1.3" rev-constraint-dynamic="2.1.3" callerrev="working@k1714p2"/>
				<artifacts>
					<artifact name="maven-ant-tasks" type="jar" ext="jar" status="successful" details="" size="1316000" time="3808" location="/media/k1714p2/d/Liferay 6/liferay-plugins-sdk-6.2/.ivy/cache/org.apache.maven/maven-ant-tasks/jars/maven-ant-tasks-2.1.3.jar">
						<origin-location is-local="false" location="https://repository.liferay.com/nexus/content/repositories/public/org/apache/maven/maven-ant-tasks/2.1.3/maven-ant-tasks-2.1.3.jar"/>
					</artifact>
				</artifacts>
			</revision>
		</module>
		<module organisation="org.apache.maven.wagon" name="wagon-http-lightweight">
			<revision name="1.0-beta-6" status="release" pubdate="20090626043941" resolver="liferay-public" artresolver="default" homepage="" downloaded="true" searched="true" default="false" conf="compile, master(*), runtime, compile(*), runtime(*), master" position="19">
				<metadata-artifact status="successful" details="" size="1848" time="2887" location="/media/k1714p2/d/Liferay 6/liferay-plugins-sdk-6.2/.ivy/cache/org.apache.maven.wagon/wagon-http-lightweight/ivy-1.0-beta-6.xml" searched="true" original-local-location="/media/k1714p2/d/Liferay 6/liferay-plugins-sdk-6.2/.ivy/cache/org.apache.maven.wagon/wagon-http-lightweight/ivy-1.0-beta-6.xml.original" origin-is-local="false" origin-location="https://repository.liferay.com/nexus/content/repositories/public/org/apache/maven/wagon/wagon-http-lightweight/1.0-beta-6/wagon-http-lightweight-1.0-beta-6.pom"/>
				<caller organisation="org.apache.maven" name="maven-ant-tasks" conf="default, compile, runtime, master" rev="1.0-beta-6" rev-constraint-default="1.0-beta-6" rev-constraint-dynamic="1.0-beta-6" callerrev="2.1.3"/>
				<artifacts>
					<artifact name="wagon-http-lightweight" type="jar" ext="jar" status="successful" details="" size="14839" time="1060" location="/media/k1714p2/d/Liferay 6/liferay-plugins-sdk-6.2/.ivy/cache/org.apache.maven.wagon/wagon-http-lightweight/jars/wagon-http-lightweight-1.0-beta-6.jar">
						<origin-location is-local="false" location="https://repository.liferay.com/nexus/content/repositories/public/org/apache/maven/wagon/wagon-http-lightweight/1.0-beta-6/wagon-http-lightweight-1.0-beta-6.jar"/>
					</artifact>
				</artifacts>
			</revision>
		</module>
		<module organisation="org.apache.maven.wagon" name="wagon-http-shared">
			<revision name="1.0-beta-6" status="release" pubdate="20090626043912" resolver="liferay-public" artresolver="default" homepage="" downloaded="true" searched="true" default="false" conf="compile, master(*), runtime, compile(*), runtime(*), master" position="20">
				<metadata-artifact status="successful" details="" size="2107" time="1949" location="/media/k1714p2/d/Liferay 6/liferay-plugins-sdk-6.2/.ivy/cache/org.apache.maven.wagon/wagon-http-shared/ivy-1.0-beta-6.xml" searched="true" original-local-location="/media/k1714p2/d/Liferay 6/liferay-plugins-sdk-6.2/.ivy/cache/org.apache.maven.wagon/wagon-http-shared/ivy-1.0-beta-6.xml.original" origin-is-local="false" origin-location="https://repository.liferay.com/nexus/content/repositories/public/org/apache/maven/wagon/wagon-http-shared/1.0-beta-6/wagon-http-shared-1.0-beta-6.pom"/>
				<caller organisation="org.apache.maven.wagon" name="wagon-http-lightweight" conf="compile, runtime" rev="1.0-beta-6" rev-constraint-default="1.0-beta-6" rev-constraint-dynamic="1.0-beta-6" callerrev="1.0-beta-6"/>
				<artifacts>
					<artifact name="wagon-http-shared" type="jar" ext="jar" status="successful" details="" size="25326" time="2018" location="/media/k1714p2/d/Liferay 6/liferay-plugins-sdk-6.2/.ivy/cache/org.apache.maven.wagon/wagon-http-shared/jars/wagon-http-shared-1.0-beta-6.jar">
						<origin-location is-local="false" location="https://repository.liferay.com/nexus/content/repositories/public/org/apache/maven/wagon/wagon-http-shared/1.0-beta-6/wagon-http-shared-1.0-beta-6.jar"/>
					</artifact>
				</artifacts>
			</revision>
		</module>
		<module organisation="nekohtml" name="nekohtml">
			<revision name="1.9.6.2" status="release" pubdate="20080323133328" resolver="liferay-public" artresolver="default" homepage="http://nekohtml.sourceforge.net/" downloaded="true" searched="true" default="false" conf="compile, master(*), runtime, compile(*), runtime(*), master" position="22">
				<license name="The Apache Software License, Version 2.0" url="http://www.apache.org/licenses/LICENSE-2.0.txt"/>
				<metadata-artifact status="successful" details="" size="704" time="2939" location="/media/k1714p2/d/Liferay 6/liferay-plugins-sdk-6.2/.ivy/cache/nekohtml/nekohtml/ivy-1.9.6.2.xml" searched="true" original-local-location="/media/k1714p2/d/Liferay 6/liferay-plugins-sdk-6.2/.ivy/cache/nekohtml/nekohtml/ivy-1.9.6.2.xml.original" origin-is-local="false" origin-location="https://repository.liferay.com/nexus/content/repositories/public/nekohtml/nekohtml/1.9.6.2/nekohtml-1.9.6.2.pom"/>
				<caller organisation="org.apache.maven.wagon" name="wagon-http-shared" conf="compile, runtime" rev="1.9.6.2" rev-constraint-default="1.9.6.2" rev-constraint-dynamic="1.9.6.2" callerrev="1.0-beta-6"/>
				<artifacts>
					<artifact name="nekohtml" type="jar" ext="jar" status="successful" details="" size="111869" time="1085" location="/media/k1714p2/d/Liferay 6/liferay-plugins-sdk-6.2/.ivy/cache/nekohtml/nekohtml/jars/nekohtml-1.9.6.2.jar">
						<origin-location is-local="false" location="https://repository.liferay.com/nexus/content/repositories/public/nekohtml/nekohtml/1.9.6.2/nekohtml-1.9.6.2.jar"/>
					</artifact>
				</artifacts>
			</revision>
		</module>
		<module organisation="nekohtml" name="xercesMinimal">
			<revision name="1.9.6.2" status="release" pubdate="20080602012533" resolver="liferay-public" artresolver="default" homepage="" downloaded="true" searched="true" default="false" conf="compile, master(*), runtime, compile(*), runtime(*), master" position="21">
				<metadata-artifact status="successful" details="" size="390" time="1742" location="/media/k1714p2/d/Liferay 6/liferay-plugins-sdk-6.2/.ivy/cache/nekohtml/xercesMinimal/ivy-1.9.6.2.xml" searched="true" original-local-location="/media/k1714p2/d/Liferay 6/liferay-plugins-sdk-6.2/.ivy/cache/nekohtml/xercesMinimal/ivy-1.9.6.2.xml.original" origin-is-local="false" origin-location="https://repository.liferay.com/nexus/content/repositories/public/nekohtml/xercesMinimal/1.9.6.2/xercesMinimal-1.9.6.2.pom"/>
				<caller organisation="org.apache.maven.wagon" name="wagon-http-shared" conf="compile, runtime" rev="1.9.6.2" rev-constraint-default="1.9.6.2" rev-constraint-dynamic="1.9.6.2" callerrev="1.0-beta-6"/>
				<artifacts>
					<artifact name="xercesMinimal" type="jar" ext="jar" status="successful" details="" size="39798" time="1350" location="/media/k1714p2/d/Liferay 6/liferay-plugins-sdk-6.2/.ivy/cache/nekohtml/xercesMinimal/jars/xercesMinimal-1.9.6.2.jar">
						<origin-location is-local="false" location="https://repository.liferay.com/nexus/content/repositories/public/nekohtml/xercesMinimal/1.9.6.2/xercesMinimal-1.9.6.2.jar"/>
					</artifact>
				</artifacts>
			</revision>
		</module>
		<module organisation="org.apache.maven" name="maven-error-diagnostics">
			<revision name="2.2.1" status="release" pubdate="20090807041436" resolver="liferay-public" artresolver="default" homepage="" downloaded="true" searched="true" default="false" conf="compile, master(*), runtime, compile(*), runtime(*), master" position="17">
				<metadata-artifact status="successful" details="" size="1708" time="2958" location="/media/k1714p2/d/Liferay 6/liferay-plugins-sdk-6.2/.ivy/cache/org.apache.maven/maven-error-diagnostics/ivy-2.2.1.xml" searched="true" original-local-location="/media/k1714p2/d/Liferay 6/liferay-plugins-sdk-6.2/.ivy/cache/org.apache.maven/maven-error-diagnostics/ivy-2.2.1.xml.original" origin-is-local="false" origin-location="https://repository.liferay.com/nexus/content/repositories/public/org/apache/maven/maven-error-diagnostics/2.2.1/maven-error-diagnostics-2.2.1.pom"/>
				<caller organisation="org.apache.maven" name="maven-ant-tasks" conf="default, compile, runtime, master" rev="2.2.1" rev-constraint-default="2.2.1" rev-constraint-dynamic="2.2.1" callerrev="2.1.3"/>
				<artifacts>
					<artifact name="maven-error-diagnostics" type="jar" ext="jar" status="successful" details="" size="13022" time="1163" location="/media/k1714p2/d/Liferay 6/liferay-plugins-sdk-6.2/.ivy/cache/org.apache.maven/maven-error-diagnostics/jars/maven-error-diagnostics-2.2.1.jar">
						<origin-location is-local="false" location="https://repository.liferay.com/nexus/content/repositories/public/org/apache/maven/maven-error-diagnostics/2.2.1/maven-error-diagnostics-2.2.1.jar"/>
					</artifact>
				</artifacts>
			</revision>
		</module>
		<module organisation="org.apache.maven" name="maven-project">
			<revision name="2.2.1" status="release" pubdate="20090807041506" resolver="liferay-public" artresolver="default" homepage="" downloaded="true" searched="true" default="false" conf="compile, master(*), runtime, compile(*), runtime(*), master" position="13">
				<metadata-artifact status="successful" details="" size="2773" time="1899" location="/media/k1714p2/d/Liferay 6/liferay-plugins-sdk-6.2/.ivy/cache/org.apache.maven/maven-project/ivy-2.2.1.xml" searched="true" original-local-location="/media/k1714p2/d/Liferay 6/liferay-plugins-sdk-6.2/.ivy/cache/org.apache.maven/maven-project/ivy-2.2.1.xml.original" origin-is-local="false" origin-location="https://repository.liferay.com/nexus/content/repositories/public/org/apache/maven/maven-project/2.2.1/maven-project-2.2.1.pom"/>
				<caller organisation="org.apache.maven" name="maven-ant-tasks" conf="default, compile, runtime, master" rev="2.2.1" rev-constraint-default="2.2.1" rev-constraint-dynamic="2.2.1" callerrev="2.1.3"/>
				<artifacts>
					<artifact name="maven-project" type="jar" ext="jar" status="successful" details="" size="156283" time="1144" location="/media/k1714p2/d/Liferay 6/liferay-plugins-sdk-6.2/.ivy/cache/org.apache.maven/maven-project/jars/maven-project-2.2.1.jar">
						<origin-location is-local="false" location="https://repository.liferay.com/nexus/content/repositories/public/org/apache/maven/maven-project/2.2.1/maven-project-2.2.1.jar"/>
					</artifact>
				</artifacts>
			</revision>
		</module>
		<module organisation="org.apache.maven" name="maven-plugin-registry">
			<revision name="2.2.1" status="release" pubdate="20090807041445" resolver="liferay-public" artresolver="default" homepage="" downloaded="true" searched="true" default="false" conf="compile, master(*), runtime, compile(*), runtime(*), master" position="16">
				<metadata-artifact status="successful" details="" size="1929" time="1382" location="/media/k1714p2/d/Liferay 6/liferay-plugins-sdk-6.2/.ivy/cache/org.apache.maven/maven-plugin-registry/ivy-2.2.1.xml" searched="true" original-local-location="/media/k1714p2/d/Liferay 6/liferay-plugins-sdk-6.2/.ivy/cache/org.apache.maven/maven-plugin-registry/ivy-2.2.1.xml.original" origin-is-local="false" origin-location="https://repository.liferay.com/nexus/content/repositories/public/org/apache/maven/maven-plugin-registry/2.2.1/maven-plugin-registry-2.2.1.pom"/>
				<caller organisation="org.apache.maven" name="maven-project" conf="compile, runtime" rev="2.2.1" rev-constraint-default="2.2.1" rev-constraint-dynamic="2.2.1" callerrev="2.2.1"/>
				<artifacts>
					<artifact name="maven-plugin-registry" type="jar" ext="jar" status="successful" details="" size="29710" time="2017" location="/media/k1714p2/d/Liferay 6/liferay-plugins-sdk-6.2/.ivy/cache/org.apache.maven/maven-plugin-registry/jars/maven-plugin-registry-2.2.1.jar">
						<origin-location is-local="false" location="https://repository.liferay.com/nexus/content/repositories/public/org/apache/maven/maven-plugin-registry/2.2.1/maven-plugin-registry-2.2.1.jar"/>
					</artifact>
				</artifacts>
			</revision>
		</module>
		<module organisation="org.apache.maven" name="maven-profile">
			<revision name="2.2.1" status="release" pubdate="20090807041425" resolver="liferay-public" artresolver="default" homepage="" downloaded="true" searched="true" default="false" conf="compile, master(*), runtime, compile(*), runtime(*), master" position="15">
				<metadata-artifact status="successful" details="" size="2171" time="3411" location="/media/k1714p2/d/Liferay 6/liferay-plugins-sdk-6.2/.ivy/cache/org.apache.maven/maven-profile/ivy-2.2.1.xml" searched="true" original-local-location="/media/k1714p2/d/Liferay 6/liferay-plugins-sdk-6.2/.ivy/cache/org.apache.maven/maven-profile/ivy-2.2.1.xml.original" origin-is-local="false" origin-location="https://repository.liferay.com/nexus/content/repositories/public/org/apache/maven/maven-profile/2.2.1/maven-profile-2.2.1.pom"/>
				<caller organisation="org.apache.maven" name="maven-project" conf="compile, runtime" rev="2.2.1" rev-constraint-default="2.2.1" rev-constraint-dynamic="2.2.1" callerrev="2.2.1"/>
				<artifacts>
					<artifact name="maven-profile" type="jar" ext="jar" status="successful" details="" size="35362" time="911" location="/media/k1714p2/d/Liferay 6/liferay-plugins-sdk-6.2/.ivy/cache/org.apache.maven/maven-profile/jars/maven-profile-2.2.1.jar">
						<origin-location is-local="false" location="https://repository.liferay.com/nexus/content/repositories/public/org/apache/maven/maven-profile/2.2.1/maven-profile-2.2.1.jar"/>
					</artifact>
				</artifacts>
			</revision>
		</module>
		<module organisation="org.apache.maven" name="maven-settings">
			<revision name="2.2.1" status="release" pubdate="20090807041337" resolver="liferay-public" artresolver="default" homepage="" downloaded="true" searched="true" default="false" conf="compile, master(*), runtime, compile(*), runtime(*), master" position="14">
				<metadata-artifact status="successful" details="" size="2179" time="1734" location="/media/k1714p2/d/Liferay 6/liferay-plugins-sdk-6.2/.ivy/cache/org.apache.maven/maven-settings/ivy-2.2.1.xml" searched="true" original-local-location="/media/k1714p2/d/Liferay 6/liferay-plugins-sdk-6.2/.ivy/cache/org.apache.maven/maven-settings/ivy-2.2.1.xml.original" origin-is-local="false" origin-location="https://repository.liferay.com/nexus/content/repositories/public/org/apache/maven/maven-settings/2.2.1/maven-settings-2.2.1.pom"/>
				<caller organisation="org.apache.maven" name="maven-project" conf="compile, runtime" rev="2.2.1" rev-constraint-default="2.2.1" rev-constraint-dynamic="2.2.1" callerrev="2.2.1"/>
				<caller organisation="org.apache.maven" name="maven-ant-tasks" conf="default, compile, runtime, master" rev="2.2.1" rev-constraint-default="2.2.1" rev-constraint-dynamic="2.2.1" callerrev="2.1.3"/>
				<artifacts>
					<artifact name="maven-settings" type="jar" ext="jar" status="successful" details="" size="49042" time="668" location="/media/k1714p2/d/Liferay 6/liferay-plugins-sdk-6.2/.ivy/cache/org.apache.maven/maven-settings/jars/maven-settings-2.2.1.jar">
						<origin-location is-local="false" location="https://repository.liferay.com/nexus/content/repositories/public/org/apache/maven/maven-settings/2.2.1/maven-settings-2.2.1.jar"/>
					</artifact>
				</artifacts>
			</revision>
		</module>
		<module organisation="org.apache.maven" name="maven-model">
			<revision name="2.2.1" status="release" pubdate="20090807041318" resolver="liferay-public" artresolver="default" homepage="" downloaded="true" searched="true" default="false" conf="compile, master(*), runtime, compile(*), runtime(*), master" position="12">
				<metadata-artifact status="successful" details="" size="3240" time="1378" location="/media/k1714p2/d/Liferay 6/liferay-plugins-sdk-6.2/.ivy/cache/org.apache.maven/maven-model/ivy-2.2.1.xml" searched="true" original-local-location="/media/k1714p2/d/Liferay 6/liferay-plugins-sdk-6.2/.ivy/cache/org.apache.maven/maven-model/ivy-2.2.1.xml.original" origin-is-local="false" origin-location="https://repository.liferay.com/nexus/content/repositories/public/org/apache/maven/maven-model/2.2.1/maven-model-2.2.1.pom"/>
				<caller organisation="org.apache.maven" name="maven-settings" conf="compile, runtime" rev="2.2.1" rev-constraint-default="2.2.1" rev-constraint-dynamic="2.2.1" callerrev="2.2.1"/>
				<caller organisation="org.apache.maven" name="maven-project" conf="compile, runtime" rev="2.2.1" rev-constraint-default="2.2.1" rev-constraint-dynamic="2.2.1" callerrev="2.2.1"/>
				<caller organisation="org.apache.maven" name="maven-profile" conf="compile, runtime" rev="2.2.1" rev-constraint-default="2.2.1" rev-constraint-dynamic="2.2.1" callerrev="2.2.1"/>
				<caller organisation="org.apache.maven" name="maven-ant-tasks" conf="default, compile, runtime, master" rev="2.2.1" rev-constraint-default="2.2.1" rev-constraint-dynamic="2.2.1" callerrev="2.1.3"/>
				<artifacts>
					<artifact name="maven-model" type="jar" ext="jar" status="successful" details="" size="87588" time="639" location="/media/k1714p2/d/Liferay 6/liferay-plugins-sdk-6.2/.ivy/cache/org.apache.maven/maven-model/jars/maven-model-2.2.1.jar">
						<origin-location is-local="false" location="https://repository.liferay.com/nexus/content/repositories/public/org/apache/maven/maven-model/2.2.1/maven-model-2.2.1.jar"/>
					</artifact>
				</artifacts>
			</revision>
		</module>
		<module organisation="org.apache.maven" name="maven-artifact-manager">
			<revision name="2.2.1" status="release" pubdate="20090807041257" resolver="liferay-public" artresolver="default" homepage="" downloaded="true" searched="true" default="false" conf="compile, master(*), runtime, compile(*), runtime(*), master" position="8">
				<metadata-artifact status="successful" details="" size="3103" time="2009" location="/media/k1714p2/d/Liferay 6/liferay-plugins-sdk-6.2/.ivy/cache/org.apache.maven/maven-artifact-manager/ivy-2.2.1.xml" searched="true" original-local-location="/media/k1714p2/d/Liferay 6/liferay-plugins-sdk-6.2/.ivy/cache/org.apache.maven/maven-artifact-manager/ivy-2.2.1.xml.original" origin-is-local="false" origin-location="https://repository.liferay.com/nexus/content/repositories/public/org/apache/maven/maven-artifact-manager/2.2.1/maven-artifact-manager-2.2.1.pom"/>
				<caller organisation="org.apache.maven" name="maven-project" conf="compile, runtime" rev="2.2.1" rev-constraint-default="2.2.1" rev-constraint-dynamic="2.2.1" callerrev="2.2.1"/>
				<caller organisation="org.apache.maven" name="maven-ant-tasks" conf="default, compile, runtime, master" rev="2.2.1" rev-constraint-default="2.2.1" rev-constraint-dynamic="2.2.1" callerrev="2.1.3"/>
				<artifacts>
					<artifact name="maven-artifact-manager" type="jar" ext="jar" status="successful" details="" size="67574" time="654" location="/media/k1714p2/d/Liferay 6/liferay-plugins-sdk-6.2/.ivy/cache/org.apache.maven/maven-artifact-manager/jars/maven-artifact-manager-2.2.1.jar">
						<origin-location is-local="false" location="https://repository.liferay.com/nexus/content/repositories/public/org/apache/maven/maven-artifact-manager/2.2.1/maven-artifact-manager-2.2.1.jar"/>
					</artifact>
				</artifacts>
			</revision>
		</module>
		<module organisation="backport-util-concurrent" name="backport-util-concurrent">
			<revision name="3.1" status="release" pubdate="20071112072848" resolver="liferay-public" artresolver="default" homepage="http://backport-jsr166.sourceforge.net/" downloaded="true" searched="true" default="false" conf="compile, master(*), runtime, compile(*), runtime(*), master" position="11">
				<license name="Public Domain" url="http://creativecommons.org/licenses/publicdomain"/>
				<metadata-artifact status="successful" details="" size="880" time="2622" location="/media/k1714p2/d/Liferay 6/liferay-plugins-sdk-6.2/.ivy/cache/backport-util-concurrent/backport-util-concurrent/ivy-3.1.xml" searched="true" original-local-location="/media/k1714p2/d/Liferay 6/liferay-plugins-sdk-6.2/.ivy/cache/backport-util-concurrent/backport-util-concurrent/ivy-3.1.xml.original" origin-is-local="false" origin-location="https://repository.liferay.com/nexus/content/repositories/public/backport-util-concurrent/backport-util-concurrent/3.1/backport-util-concurrent-3.1.pom"/>
				<caller organisation="org.apache.maven" name="maven-artifact-manager" conf="compile, runtime" rev="3.1" rev-constraint-default="3.1" rev-constraint-dynamic="3.1" callerrev="2.2.1"/>
				<artifacts>
					<artifact name="backport-util-concurrent" type="jar" ext="jar" status="successful" details="" size="331716" time="2066" location="/media/k1714p2/d/Liferay 6/liferay-plugins-sdk-6.2/.ivy/cache/backport-util-concurrent/backport-util-concurrent/jars/backport-util-concurrent-3.1.jar">
						<origin-location is-local="false" location="https://repository.liferay.com/nexus/content/repositories/public/backport-util-concurrent/backport-util-concurrent/3.1/backport-util-concurrent-3.1.jar"/>
					</artifact>
				</artifacts>
			</revision>
		</module>
		<module organisation="org.apache.maven.wagon" name="wagon-file">
			<revision name="1.0-beta-6" status="release" pubdate="20090626043823" resolver="liferay-public" artresolver="default" homepage="" downloaded="true" searched="true" default="false" conf="compile, master(*), runtime, compile(*), runtime(*), master" position="18">
				<metadata-artifact status="successful" details="" size="1428" time="2886" location="/media/k1714p2/d/Liferay 6/liferay-plugins-sdk-6.2/.ivy/cache/org.apache.maven.wagon/wagon-file/ivy-1.0-beta-6.xml" searched="true" original-local-location="/media/k1714p2/d/Liferay 6/liferay-plugins-sdk-6.2/.ivy/cache/org.apache.maven.wagon/wagon-file/ivy-1.0-beta-6.xml.original" origin-is-local="false" origin-location="https://repository.liferay.com/nexus/content/repositories/public/org/apache/maven/wagon/wagon-file/1.0-beta-6/wagon-file-1.0-beta-6.pom"/>
				<caller organisation="org.apache.maven" name="maven-ant-tasks" conf="default, compile, runtime, master" rev="1.0-beta-6" rev-constraint-default="1.0-beta-6" rev-constraint-dynamic="1.0-beta-6" callerrev="2.1.3"/>
				<artifacts>
					<artifact name="wagon-file" type="jar" ext="jar" status="successful" details="" size="11041" time="1280" location="/media/k1714p2/d/Liferay 6/liferay-plugins-sdk-6.2/.ivy/cache/org.apache.maven.wagon/wagon-file/jars/wagon-file-1.0-beta-6.jar">
						<origin-location is-local="false" location="https://repository.liferay.com/nexus/content/repositories/public/org/apache/maven/wagon/wagon-file/1.0-beta-6/wagon-file-1.0-beta-6.jar"/>
					</artifact>
				</artifacts>
			</revision>
		</module>
		<module organisation="org.apache.maven.wagon" name="wagon-provider-api">
			<revision name="1.0-beta-6" status="release" pubdate="20090626043734" resolver="liferay-public" artresolver="default" homepage="" downloaded="true" searched="true" default="false" conf="compile, master(*), runtime, compile(*), runtime(*), master" position="10">
				<metadata-artifact status="successful" details="" size="1760" time="2859" location="/media/k1714p2/d/Liferay 6/liferay-plugins-sdk-6.2/.ivy/cache/org.apache.maven.wagon/wagon-provider-api/ivy-1.0-beta-6.xml" searched="true" original-local-location="/media/k1714p2/d/Liferay 6/liferay-plugins-sdk-6.2/.ivy/cache/org.apache.maven.wagon/wagon-provider-api/ivy-1.0-beta-6.xml.original" origin-is-local="false" origin-location="https://repository.liferay.com/nexus/content/repositories/public/org/apache/maven/wagon/wagon-provider-api/1.0-beta-6/wagon-provider-api-1.0-beta-6.pom"/>
				<caller organisation="org.apache.maven" name="maven-ant-tasks" conf="default, compile, runtime, master" rev="1.0-beta-6" rev-constraint-default="1.0-beta-6" rev-constraint-dynamic="1.0-beta-6" callerrev="2.1.3"/>
				<caller organisation="org.apache.maven" name="maven-artifact-manager" conf="compile, runtime" rev="1.0-beta-6" rev-constraint-default="1.0-beta-6" rev-constraint-dynamic="1.0-beta-6" callerrev="2.2.1"/>
				<caller organisation="org.apache.maven.wagon" name="wagon-http-lightweight" conf="compile, runtime" rev="1.0-beta-6" rev-constraint-default="1.0-beta-6" rev-constraint-dynamic="1.0-beta-6" callerrev="1.0-beta-6"/>
				<caller organisation="org.apache.maven.wagon" name="wagon-http-shared" conf="compile, runtime" rev="1.0-beta-6" rev-constraint-default="1.0-beta-6" rev-constraint-dynamic="1.0-beta-6" callerrev="1.0-beta-6"/>
				<caller organisation="org.apache.maven.wagon" name="wagon-file" conf="compile, runtime" rev="1.0-beta-6" rev-constraint-default="1.0-beta-6" rev-constraint-dynamic="1.0-beta-6" callerrev="1.0-beta-6"/>
				<artifacts>
					<artifact name="wagon-provider-api" type="jar" ext="jar" status="successful" details="" size="53186" time="647" location="/media/k1714p2/d/Liferay 6/liferay-plugins-sdk-6.2/.ivy/cache/org.apache.maven.wagon/wagon-provider-api/jars/wagon-provider-api-1.0-beta-6.jar">
						<origin-location is-local="false" location="https://repository.liferay.com/nexus/content/repositories/public/org/apache/maven/wagon/wagon-provider-api/1.0-beta-6/wagon-provider-api-1.0-beta-6.jar"/>
					</artifact>
				</artifacts>
			</revision>
		</module>
		<module organisation="org.apache.maven" name="maven-repository-metadata">
			<revision name="2.2.1" status="release" pubdate="20090807041240" resolver="liferay-public" artresolver="default" homepage="" downloaded="true" searched="true" default="false" conf="compile, master(*), runtime, compile(*), runtime(*), master" position="9">
				<metadata-artifact status="successful" details="" size="1871" time="1447" location="/media/k1714p2/d/Liferay 6/liferay-plugins-sdk-6.2/.ivy/cache/org.apache.maven/maven-repository-metadata/ivy-2.2.1.xml" searched="true" original-local-location="/media/k1714p2/d/Liferay 6/liferay-plugins-sdk-6.2/.ivy/cache/org.apache.maven/maven-repository-metadata/ivy-2.2.1.xml.original" origin-is-local="false" origin-location="https://repository.liferay.com/nexus/content/repositories/public/org/apache/maven/maven-repository-metadata/2.2.1/maven-repository-metadata-2.2.1.pom"/>
				<caller organisation="org.apache.maven" name="maven-artifact-manager" conf="compile, runtime" rev="2.2.1" rev-constraint-default="2.2.1" rev-constraint-dynamic="2.2.1" callerrev="2.2.1"/>
				<artifacts>
					<artifact name="maven-repository-metadata" type="jar" ext="jar" status="successful" details="" size="25656" time="2577" location="/media/k1714p2/d/Liferay 6/liferay-plugins-sdk-6.2/.ivy/cache/org.apache.maven/maven-repository-metadata/jars/maven-repository-metadata-2.2.1.jar">
						<origin-location is-local="false" location="https://repository.liferay.com/nexus/content/repositories/public/org/apache/maven/maven-repository-metadata/2.2.1/maven-repository-metadata-2.2.1.jar"/>
					</artifact>
				</artifacts>
			</revision>
		</module>
		<module organisation="org.apache.maven" name="maven-artifact">
			<revision name="2.2.1" status="release" pubdate="20090807041217" resolver="liferay-public" artresolver="default" homepage="" downloaded="true" searched="true" default="false" conf="compile, master(*), runtime, compile(*), runtime(*), master" position="7">
				<metadata-artifact status="successful" details="" size="1581" time="2512" location="/media/k1714p2/d/Liferay 6/liferay-plugins-sdk-6.2/.ivy/cache/org.apache.maven/maven-artifact/ivy-2.2.1.xml" searched="true" original-local-location="/media/k1714p2/d/Liferay 6/liferay-plugins-sdk-6.2/.ivy/cache/org.apache.maven/maven-artifact/ivy-2.2.1.xml.original" origin-is-local="false" origin-location="https://repository.liferay.com/nexus/content/repositories/public/org/apache/maven/maven-artifact/2.2.1/maven-artifact-2.2.1.pom"/>
				<caller organisation="org.apache.maven" name="maven-project" conf="compile, runtime" rev="2.2.1" rev-constraint-default="2.2.1" rev-constraint-dynamic="2.2.1" callerrev="2.2.1"/>
				<caller organisation="org.apache.maven" name="maven-ant-tasks" conf="default, compile, runtime, master" rev="2.2.1" rev-constraint-default="2.2.1" rev-constraint-dynamic="2.2.1" callerrev="2.1.3"/>
				<caller organisation="org.apache.maven" name="maven-artifact-manager" conf="compile, runtime" rev="2.2.1" rev-constraint-default="2.2.1" rev-constraint-dynamic="2.2.1" callerrev="2.2.1"/>
				<artifacts>
					<artifact name="maven-artifact" type="jar" ext="jar" status="successful" details="" size="80322" time="1141" location="/media/k1714p2/d/Liferay 6/liferay-plugins-sdk-6.2/.ivy/cache/org.apache.maven/maven-artifact/jars/maven-artifact-2.2.1.jar">
						<origin-location is-local="false" location="https://repository.liferay.com/nexus/content/repositories/public/org/apache/maven/maven-artifact/2.2.1/maven-artifact-2.2.1.jar"/>
					</artifact>
				</artifacts>
			</revision>
		</module>
		<module organisation="org.codehaus.plexus" name="plexus-utils">
			<revision name="1.5.15" status="release" pubdate="20090606024920" resolver="liferay-public" artresolver="default" homepage="http://plexus.codehaus.org/plexus-utils" downloaded="true" searched="true" default="false" conf="compile, master(*), runtime, compile(*), runtime(*), master" position="5">
				<metadata-artifact status="successful" details="" size="6849" time="3026" location="/media/k1714p2/d/Liferay 6/liferay-plugins-sdk-6.2/.ivy/cache/org.codehaus.plexus/plexus-utils/ivy-1.5.15.xml" searched="true" original-local-location="/media/k1714p2/d/Liferay 6/liferay-plugins-sdk-6.2/.ivy/cache/org.codehaus.plexus/plexus-utils/ivy-1.5.15.xml.original" origin-is-local="false" origin-location="https://repository.liferay.com/nexus/content/repositories/public/org/codehaus/plexus/plexus-utils/1.5.15/plexus-utils-1.5.15.pom"/>
				<caller organisation="org.apache.maven" name="maven-plugin-registry" conf="compile, runtime" rev="1.5.15" rev-constraint-default="1.5.15" rev-constraint-dynamic="1.5.15" callerrev="2.2.1"/>
				<caller organisation="org.apache.maven" name="maven-settings" conf="compile, runtime" rev="1.5.15" rev-constraint-default="1.5.15" rev-constraint-dynamic="1.5.15" callerrev="2.2.1"/>
				<caller organisation="org.apache.maven" name="maven-model" conf="compile, runtime" rev="1.5.15" rev-constraint-default="1.5.15" rev-constraint-dynamic="1.5.15" callerrev="2.2.1"/>
				<caller organisation="org.codehaus.plexus" name="plexus-container-default" conf="compile, runtime" rev="1.0.4" rev-constraint-default="1.0.4" rev-constraint-dynamic="1.0.4" callerrev="1.0-alpha-9-stable-1"/>
				<caller organisation="org.apache.maven" name="maven-project" conf="compile, runtime" rev="1.5.15" rev-constraint-default="1.5.15" rev-constraint-dynamic="1.5.15" callerrev="2.2.1"/>
				<caller organisation="org.apache.maven" name="maven-profile" conf="compile, runtime" rev="1.5.15" rev-constraint-default="1.5.15" rev-constraint-dynamic="1.5.15" callerrev="2.2.1"/>
				<caller organisation="org.apache.maven" name="maven-repository-metadata" conf="compile, runtime" rev="1.5.15" rev-constraint-default="1.5.15" rev-constraint-dynamic="1.5.15" callerrev="2.2.1"/>
				<caller organisation="org.apache.maven" name="maven-artifact" conf="compile, runtime" rev="1.5.15" rev-constraint-default="1.5.15" rev-constraint-dynamic="1.5.15" callerrev="2.2.1"/>
				<caller organisation="org.apache.maven" name="maven-ant-tasks" conf="default, compile, runtime, master" rev="1.5.15" rev-constraint-default="1.5.15" rev-constraint-dynamic="1.5.15" callerrev="2.1.3"/>
				<caller organisation="org.apache.maven" name="maven-artifact-manager" conf="compile, runtime" rev="1.5.15" rev-constraint-default="1.5.15" rev-constraint-dynamic="1.5.15" callerrev="2.2.1"/>
				<caller organisation="org.apache.maven.wagon" name="wagon-provider-api" conf="compile, runtime" rev="1.5.15" rev-constraint-default="1.5.15" rev-constraint-dynamic="1.4.2" callerrev="1.0-beta-6"/>
				<artifacts>
					<artifact name="plexus-utils" type="jar" ext="jar" status="successful" details="" size="228110" time="2690" location="/media/k1714p2/d/Liferay 6/liferay-plugins-sdk-6.2/.ivy/cache/org.codehaus.plexus/plexus-utils/jars/plexus-utils-1.5.15.jar">
						<origin-location is-local="false" location="https://repository.liferay.com/nexus/content/repositories/public/org/codehaus/plexus/plexus-utils/1.5.15/plexus-utils-1.5.15.jar"/>
					</artifact>
				</artifacts>
			</revision>
			<revision name="1.0.4" evicted="latest-revision" evicted-reason="" downloaded="false" searched="false" conf="master(*), compile(*), runtime(*)" position="-1">
				<evicted-by rev="1.5.15"/>
				<caller organisation="org.codehaus.plexus" name="plexus-container-default" conf="compile, runtime" rev="1.0.4" rev-constraint-default="1.0.4" rev-constraint-dynamic="1.0.4" callerrev="1.0-alpha-9-stable-1"/>
				<artifacts>
				</artifacts>
			</revision>
		</module>
		<module organisation="org.codehaus.plexus" name="plexus-interpolation">
			<revision name="1.11" status="release" pubdate="20090606024724" resolver="liferay-public" artresolver="default" homepage="" downloaded="true" searched="true" default="false" conf="compile, master(*), runtime, compile(*), runtime(*), master" position="6">
				<metadata-artifact status="successful" details="" size="889" time="2809" location="/media/k1714p2/d/Liferay 6/liferay-plugins-sdk-6.2/.ivy/cache/org.codehaus.plexus/plexus-interpolation/ivy-1.11.xml" searched="true" original-local-location="/media/k1714p2/d/Liferay 6/liferay-plugins-sdk-6.2/.ivy/cache/org.codehaus.plexus/plexus-interpolation/ivy-1.11.xml.original" origin-is-local="false" origin-location="https://repository.liferay.com/nexus/content/repositories/public/org/codehaus/plexus/plexus-interpolation/1.11/plexus-interpolation-1.11.pom"/>
				<caller organisation="org.apache.maven" name="maven-settings" conf="compile, runtime" rev="1.11" rev-constraint-default="1.11" rev-constraint-dynamic="1.11" callerrev="2.2.1"/>
				<caller organisation="org.apache.maven" name="maven-project" conf="compile, runtime" rev="1.11" rev-constraint-default="1.11" rev-constraint-dynamic="1.11" callerrev="2.2.1"/>
				<caller organisation="org.apache.maven" name="maven-profile" conf="compile, runtime" rev="1.11" rev-constraint-default="1.11" rev-constraint-dynamic="1.11" callerrev="2.2.1"/>
				<caller organisation="org.apache.maven" name="maven-ant-tasks" conf="default, compile, runtime, master" rev="1.11" rev-constraint-default="1.11" rev-constraint-dynamic="1.11" callerrev="2.1.3"/>
				<artifacts>
					<artifact name="plexus-interpolation" type="jar" ext="jar" status="successful" details="" size="50936" time="1561" location="/media/k1714p2/d/Liferay 6/liferay-plugins-sdk-6.2/.ivy/cache/org.codehaus.plexus/plexus-interpolation/jars/plexus-interpolation-1.11.jar">
						<origin-location is-local="false" location="https://repository.liferay.com/nexus/content/repositories/public/org/codehaus/plexus/plexus-interpolation/1.11/plexus-interpolation-1.11.jar"/>
					</artifact>
				</artifacts>
			</revision>
		</module>
		<module organisation="org.codehaus.plexus" name="plexus-container-default">
			<revision name="1.0-alpha-9-stable-1" status="release" pubdate="20070311104924" resolver="liferay-public" artresolver="default" homepage="" downloaded="true" searched="true" default="false" conf="compile, master(*), runtime, compile(*), runtime(*), master" position="4">
				<metadata-artifact status="successful" details="" size="3949" time="3750" location="/media/k1714p2/d/Liferay 6/liferay-plugins-sdk-6.2/.ivy/cache/org.codehaus.plexus/plexus-container-default/ivy-1.0-alpha-9-stable-1.xml" searched="true" original-local-location="/media/k1714p2/d/Liferay 6/liferay-plugins-sdk-6.2/.ivy/cache/org.codehaus.plexus/plexus-container-default/ivy-1.0-alpha-9-stable-1.xml.original" origin-is-local="false" origin-location="https://repository.liferay.com/nexus/content/repositories/public/org/codehaus/plexus/plexus-container-default/1.0-alpha-9-stable-1/plexus-container-default-1.0-alpha-9-stable-1.pom"/>
				<caller organisation="org.apache.maven" name="maven-plugin-registry" conf="compile, runtime" rev="1.0-alpha-9-stable-1" rev-constraint-default="1.0-alpha-9-stable-1" rev-constraint-dynamic="1.0-alpha-9-stable-1" callerrev="2.2.1"/>
				<caller organisation="org.apache.maven" name="maven-settings" conf="compile, runtime" rev="1.0-alpha-9-stable-1" rev-constraint-default="1.0-alpha-9-stable-1" rev-constraint-dynamic="1.0-alpha-9-stable-1" callerrev="2.2.1"/>
				<caller organisation="org.apache.maven" name="maven-project" conf="compile, runtime" rev="1.0-alpha-9-stable-1" rev-constraint-default="1.0-alpha-9-stable-1" rev-constraint-dynamic="1.0-alpha-9-stable-1" callerrev="2.2.1"/>
				<caller organisation="org.apache.maven" name="maven-profile" conf="compile, runtime" rev="1.0-alpha-9-stable-1" rev-constraint-default="1.0-alpha-9-stable-1" rev-constraint-dynamic="1.0-alpha-9-stable-1" callerrev="2.2.1"/>
				<caller organisation="org.apache.maven" name="maven-ant-tasks" conf="default, compile, runtime, master" rev="1.0-alpha-9-stable-1" rev-constraint-default="1.0-alpha-9-stable-1" rev-constraint-dynamic="1.0-alpha-9-stable-1" callerrev="2.1.3"/>
				<caller organisation="org.apache.maven" name="maven-artifact-manager" conf="compile, runtime" rev="1.0-alpha-9-stable-1" rev-constraint-default="1.0-alpha-9-stable-1" rev-constraint-dynamic="1.0-alpha-9-stable-1" callerrev="2.2.1"/>
				<caller organisation="org.apache.maven" name="maven-error-diagnostics" conf="compile, runtime" rev="1.0-alpha-9-stable-1" rev-constraint-default="1.0-alpha-9-stable-1" rev-constraint-dynamic="1.0-alpha-9-stable-1" callerrev="2.2.1"/>
				<artifacts>
					<artifact name="plexus-container-default" type="jar" ext="jar" status="successful" details="" size="194185" time="3594" location="/media/k1714p2/d/Liferay 6/liferay-plugins-sdk-6.2/.ivy/cache/org.codehaus.plexus/plexus-container-default/jars/plexus-container-default-1.0-alpha-9-stable-1.jar">
						<origin-location is-local="false" location="https://repository.liferay.com/nexus/content/repositories/public/org/codehaus/plexus/plexus-container-default/1.0-alpha-9-stable-1/plexus-container-default-1.0-alpha-9-stable-1.jar"/>
					</artifact>
				</artifacts>
			</revision>
		</module>
		<module organisation="classworlds" name="classworlds">
			<revision name="1.1-alpha-2" status="release" pubdate="20051124141815" resolver="liferay-public" artresolver="default" homepage="http://classworlds.codehaus.org/" downloaded="true" searched="true" default="false" conf="compile, master(*), runtime, compile(*), runtime(*), master" position="3">
				<metadata-artifact status="successful" details="" size="3128" time="2308" location="/media/k1714p2/d/Liferay 6/liferay-plugins-sdk-6.2/.ivy/cache/classworlds/classworlds/ivy-1.1-alpha-2.xml" searched="true" original-local-location="/media/k1714p2/d/Liferay 6/liferay-plugins-sdk-6.2/.ivy/cache/classworlds/classworlds/ivy-1.1-alpha-2.xml.original" origin-is-local="false" origin-location="https://repository.liferay.com/nexus/content/repositories/public/classworlds/classworlds/1.1-alpha-2/classworlds-1.1-alpha-2.pom"/>
				<caller organisation="org.codehaus.plexus" name="plexus-container-default" conf="compile, runtime" rev="1.1-alpha-2" rev-constraint-default="1.1-alpha-2" rev-constraint-dynamic="1.1-alpha-2" callerrev="1.0-alpha-9-stable-1"/>
				<caller organisation="org.apache.maven" name="maven-ant-tasks" conf="default, compile, runtime, master" rev="1.1-alpha-2" rev-constraint-default="1.1-alpha-2" rev-constraint-dynamic="1.1-alpha-2" callerrev="2.1.3"/>
				<artifacts>
					<artifact name="classworlds" type="jar" ext="jar" status="successful" details="" size="37516" time="1403" location="/media/k1714p2/d/Liferay 6/liferay-plugins-sdk-6.2/.ivy/cache/classworlds/classworlds/jars/classworlds-1.1-alpha-2.jar">
						<origin-location is-local="false" location="https://repository.liferay.com/nexus/content/repositories/public/classworlds/classworlds/1.1-alpha-2/classworlds-1.1-alpha-2.jar"/>
					</artifact>
				</artifacts>
			</revision>
		</module>
		<module organisation="org.apache.ant" name="ant">
			<revision name="1.8.0" status="release" pubdate="20100202093715" resolver="liferay-public" artresolver="default" homepage="" downloaded="true" searched="true" default="false" conf="compile, master(*), runtime, compile(*), runtime(*), master" position="1">
				<metadata-artifact status="successful" details="" size="9690" time="2344" location="/media/k1714p2/d/Liferay 6/liferay-plugins-sdk-6.2/.ivy/cache/org.apache.ant/ant/ivy-1.8.0.xml" searched="true" original-local-location="/media/k1714p2/d/Liferay 6/liferay-plugins-sdk-6.2/.ivy/cache/org.apache.ant/ant/ivy-1.8.0.xml.original" origin-is-local="false" origin-location="https://repository.liferay.com/nexus/content/repositories/public/org/apache/ant/ant/1.8.0/ant-1.8.0.pom"/>
				<caller organisation="org.apache.maven" name="maven-ant-tasks" conf="default, compile, runtime, master" rev="1.8.0" rev-constraint-default="1.8.0" rev-constraint-dynamic="1.8.0" callerrev="2.1.3"/>
				<artifacts>
					<artifact name="ant" type="jar" ext="jar" status="successful" details="" size="1506140" time="1448" location="/media/k1714p2/d/Liferay 6/liferay-plugins-sdk-6.2/.ivy/cache/org.apache.ant/ant/jars/ant-1.8.0.jar">
						<origin-location is-local="false" location="https://repository.liferay.com/nexus/content/repositories/public/org/apache/ant/ant/1.8.0/ant-1.8.0.jar"/>
					</artifact>
				</artifacts>
			</revision>
		</module>
		<module organisation="org.apache.ant" name="ant-launcher">
			<revision name="1.8.0" status="release" pubdate="20100202093715" resolver="liferay-public" artresolver="default" homepage="" downloaded="true" searched="true" default="false" conf="compile, master(*), runtime, compile(*), runtime(*), master" position="2">
				<metadata-artifact status="successful" details="" size="2383" time="2037" location="/media/k1714p2/d/Liferay 6/liferay-plugins-sdk-6.2/.ivy/cache/org.apache.ant/ant-launcher/ivy-1.8.0.xml" searched="true" original-local-location="/media/k1714p2/d/Liferay 6/liferay-plugins-sdk-6.2/.ivy/cache/org.apache.ant/ant-launcher/ivy-1.8.0.xml.original" origin-is-local="false" origin-location="https://repository.liferay.com/nexus/content/repositories/public/org/apache/ant/ant-launcher/1.8.0/ant-launcher-1.8.0.pom"/>
				<caller organisation="org.apache.ant" name="ant" conf="compile, runtime" rev="1.8.0" rev-constraint-default="1.8.0" rev-constraint-dynamic="1.8.0" callerrev="1.8.0"/>
				<artifacts>
					<artifact name="ant-launcher" type="jar" ext="jar" status="successful" details="" size="12277" time="764" location="/media/k1714p2/d/Liferay 6/liferay-plugins-sdk-6.2/.ivy/cache/org.apache.ant/ant-launcher/jars/ant-launcher-1.8.0.jar">
						<origin-location is-local="false" location="https://repository.liferay.com/nexus/content/repositories/public/org/apache/ant/ant-launcher/1.8.0/ant-launcher-1.8.0.jar"/>
					</artifact>
				</artifacts>
			</revision>
		</module>
	</dependencies>
</ivy-report>
