<?xml version="1.0" encoding="UTF-8"?>
<ivy-module version="2.0" xmlns:m2="http://ant.apache.org/ivy/maven" xmlns:xsi="http://www.w3.org/2001/XMLSchema-instance" xsi:noNamespaceSchemaLocation="http://ant.apache.org/ivy/schemas/ivy.xsd">
	<info organisation="com.liferay" module="OSPParaviewGlance-portlet" revision="working@k1714p2" status="integration" publication="20180713131402">
		<extends extendType="configurations,description,info" location="../../ivy.xml" module="com.liferay.sdk" organisation="com.liferay" revision="latest.integration"/>
	</info>

	<dependencies defaultconf="default">
		<dependency conf="test->default" name="arquillian-junit-container" org="org.jboss.arquillian.junit" rev="1.1.6.Final"/>
		<dependency conf="test->default" name="arquillian-tomcat-remote-7" org="org.jboss.arquillian.container" rev="1.0.0.CR6"/>
		<dependency conf="test->default" name="com.liferay.ant.arquillian" org="com.liferay" rev="1.0.0-SNAPSHOT"/>
	</dependencies>
</ivy-module>
