<?xml version="1.0" encoding="UTF-8"?>
<ivy-module version="2.0" xmlns:m="http://ant.apache.org/ivy/maven">
	<info organisation="org.apache.maven.wagon"
		module="wagon"
		revision="1.0-beta-6"
		status="release"
		publication="20090626043650"
	>
		<description homepage="http://maven.apache.org/wagon">
		Tools to manage artifacts and deployment
		</description>
		<m:properties__project.build.sourceEncoding>UTF-8</m:properties__project.build.sourceEncoding>
		<m:properties__distMgmtSnapshotsUrl>https://repository.apache.org/content/repositories/snapshots</m:properties__distMgmtSnapshotsUrl>
		<m:properties__distMgmtSnapshotsName>Apache Development Snapshot Repository</m:properties__distMgmtSnapshotsName>
		<m:properties__organization.logo>http://www.apache.org/images/asf_logo_wide.gif</m:properties__organization.logo>
		<m:maven.plugins>org.apache.maven.plugins__maven-remote-resources-plugin__null|org.apache.maven.plugins__maven-remote-resources-plugin__null|org.codehaus.plexus__plexus-maven-plugin__null</m:maven.plugins>
		<m:dependency.management__org.apache.maven.wagon__wagon-provider-api__version>1.0-beta-6</m:dependency.management__org.apache.maven.wagon__wagon-provider-api__version>
		<m:dependency.management__org.apache.maven.wagon__wagon-provider-test__version>1.0-beta-6</m:dependency.management__org.apache.maven.wagon__wagon-provider-test__version>
		<m:dependency.management__org.apache.maven.wagon__wagon-ssh-common-test__version>1.0-beta-6</m:dependency.management__org.apache.maven.wagon__wagon-ssh-common-test__version>
		<m:dependency.management__org.apache.maven.wagon__wagon-ssh-common__version>1.0-beta-6</m:dependency.management__org.apache.maven.wagon__wagon-ssh-common__version>
		<m:dependency.management__junit__junit__version>3.8.1</m:dependency.management__junit__junit__version>
		<m:dependency.management__org.codehaus.plexus__plexus-interactivity-api__version>1.0-alpha-6</m:dependency.management__org.codehaus.plexus__plexus-interactivity-api__version>
		<m:dependency.management__org.codehaus.plexus__plexus-interactivity-api__exclusion_0>plexus__plexus-utils</m:dependency.management__org.codehaus.plexus__plexus-interactivity-api__exclusion_0>
		<m:dependency.management__org.codehaus.plexus__plexus-interactivity-api__exclusion_1>org.codehaus.plexus__plexus-container-default</m:dependency.management__org.codehaus.plexus__plexus-interactivity-api__exclusion_1>
		<m:dependency.management__org.codehaus.plexus__plexus-interactivity-api__exclusion_2>classworlds__classworlds</m:dependency.management__org.codehaus.plexus__plexus-interactivity-api__exclusion_2>
		<m:dependency.management__org.codehaus.plexus__plexus-container-default__version>1.0-alpha-9</m:dependency.management__org.codehaus.plexus__plexus-container-default__version>
		<m:dependency.management__org.codehaus.plexus__plexus-container-default__scope>test</m:dependency.management__org.codehaus.plexus__plexus-container-default__scope>
		<m:dependency.management__org.codehaus.plexus__plexus-utils__version>1.4.2</m:dependency.management__org.codehaus.plexus__plexus-utils__version>
	</info>
	<configurations>
		<conf name="default" visibility="public" description="runtime dependencies and master artifact can be used with this conf" extends="runtime,master"/>
		<conf name="master" visibility="public" description="contains only the artifact published by this module itself, with no transitive dependencies"/>
		<conf name="compile" visibility="public" description="this is the default scope, used if none is specified. Compile dependencies are available in all classpaths."/>
		<conf name="provided" visibility="public" description="this is much like compile, but indicates you expect the JDK or a container to provide it. It is only available on the compilation classpath, and is not transitive."/>
		<conf name="runtime" visibility="public" description="this scope indicates that the dependency is not required for compilation, but is for execution. It is in the runtime and test classpaths, but not the compile classpath." extends="compile"/>
		<conf name="test" visibility="private" description="this scope indicates that the dependency is not required for normal use of the application, and is only available for the test compilation and execution phases." extends="runtime"/>
		<conf name="system" visibility="public" description="this scope is similar to provided except that you have to provide the JAR which contains it explicitly. The artifact is always available and is not looked up in a repository."/>
		<conf name="sources" visibility="public" description="this configuration contains the source artifact of this module, if any."/>
		<conf name="javadoc" visibility="public" description="this configuration contains the javadoc artifact of this module, if any."/>
		<conf name="optional" visibility="public" description="contains all optional dependencies"/>
	</configurations>
	<publications>
	</publications>
	<dependencies>
		<dependency org="junit" name="junit" rev="3.8.1" force="true" conf="test->runtime(*),master(*)"/>
		<override org="org.apache.maven.wagon" module="wagon-provider-api" matcher="exact" rev="1.0-beta-6"/>
		<override org="org.apache.maven.wagon" module="wagon-provider-test" matcher="exact" rev="1.0-beta-6"/>
		<override org="org.apache.maven.wagon" module="wagon-ssh-common-test" matcher="exact" rev="1.0-beta-6"/>
		<override org="org.apache.maven.wagon" module="wagon-ssh-common" matcher="exact" rev="1.0-beta-6"/>
		<override org="junit" module="junit" matcher="exact" rev="3.8.1"/>
		<override org="org.codehaus.plexus" module="plexus-interactivity-api" matcher="exact" rev="1.0-alpha-6"/>
		<override org="org.codehaus.plexus" module="plexus-container-default" matcher="exact" rev="1.0-alpha-9"/>
		<override org="org.codehaus.plexus" module="plexus-utils" matcher="exact" rev="1.4.2"/>
	</dependencies>
</ivy-module>
